-- MariaDB dump 10.17  Distrib 10.4.13-MariaDB, for Linux (x86_64)
--
-- Host: 127.0.0.1    Database: covoiturage
-- ------------------------------------------------------
-- Server version	10.4.13-MariaDB-1:10.4.13+maria~bionic

/*!40101 SET @OLD_CHARACTER_SET_CLIENT=@@CHARACTER_SET_CLIENT */;
/*!40101 SET @OLD_CHARACTER_SET_RESULTS=@@CHARACTER_SET_RESULTS */;
/*!40101 SET @OLD_COLLATION_CONNECTION=@@COLLATION_CONNECTION */;
/*!40101 SET NAMES utf8mb4 */;
/*!40103 SET @OLD_TIME_ZONE=@@TIME_ZONE */;
/*!40103 SET TIME_ZONE='+00:00' */;
/*!40014 SET @OLD_UNIQUE_CHECKS=@@UNIQUE_CHECKS, UNIQUE_CHECKS=0 */;
/*!40014 SET @OLD_FOREIGN_KEY_CHECKS=@@FOREIGN_KEY_CHECKS, FOREIGN_KEY_CHECKS=0 */;
/*!40101 SET @OLD_SQL_MODE=@@SQL_MODE, SQL_MODE='NO_AUTO_VALUE_ON_ZERO' */;
/*!40111 SET @OLD_SQL_NOTES=@@SQL_NOTES, SQL_NOTES=0 */;

--
-- Table structure for table `covoiturage`
--

DROP TABLE IF EXISTS `covoiturage`;
/*!40101 SET @saved_cs_client     = @@character_set_client */;
/*!40101 SET character_set_client = utf8 */;
CREATE TABLE `covoiturage` (
  `id` bigint(20) NOT NULL,
  `date_depart` datetime DEFAULT NULL,
  `description` varchar(255) DEFAULT NULL,
  `is_fumer` bit(1) NOT NULL,
  `nbr_place_dispo` int(11) NOT NULL,
  `price` int(11) NOT NULL,
  `gouv_arr_id` bigint(20) DEFAULT NULL,
  `gouv_dep_id` bigint(20) DEFAULT NULL,
  `user_id` bigint(20) DEFAULT NULL,
  `ville_arr_id` bigint(20) DEFAULT NULL,
  `ville_dep_id` bigint(20) DEFAULT NULL,
  `submission_id` bigint(20) DEFAULT NULL,
  PRIMARY KEY (`id`),
  KEY `FKg74a67ih7q376v9i0iopqea6d` (`gouv_arr_id`),
  KEY `FK89j2d7oi1q2kf70t7twdfg39o` (`gouv_dep_id`),
  KEY `FK340nqc9cq61ssh7eya1rv8i6k` (`user_id`),
  KEY `FKgpne1ligpr469cvg99nbqrnxw` (`ville_arr_id`),
  KEY `FK3oap8n3q9haob46adqmy1fe6j` (`ville_dep_id`),
  KEY `FKpesye8iqcx4es9tdailpj9fll` (`submission_id`)
) ENGINE=MyISAM DEFAULT CHARSET=latin1;
/*!40101 SET character_set_client = @saved_cs_client */;

--
-- Dumping data for table `covoiturage`
--

LOCK TABLES `covoiturage` WRITE;
/*!40000 ALTER TABLE `covoiturage` DISABLE KEYS */;
INSERT INTO `covoiturage` (`id`, `date_depart`, `description`, `is_fumer`, `nbr_place_dispo`, `price`, `gouv_arr_id`, `gouv_dep_id`, `user_id`, `ville_arr_id`, `ville_dep_id`, `submission_id`) VALUES (16,'2020-06-18 22:45:56','xotwmtw58x143330yo3h','\0',4,22,13,13,4,162,134,NULL),(17,'2020-06-18 22:45:57','8v6pao1khz5jar1qmlsx','',4,86,11,12,15,115,129,NULL),(18,'2020-06-18 22:45:57','lec8wvu701gtjr1fmnni','\0',4,55,8,13,9,79,145,NULL),(19,'2020-06-18 22:45:57','xhjd2n5073jh5jvf4dfg','\0',1,26,1,12,8,2,131,NULL),(20,'2020-06-18 22:45:57','zdvba9i5hvjebwgnn8gl','\0',1,89,12,21,7,126,246,NULL),(21,'2020-06-18 22:45:57','5alm0pojv1n9vcv11l33','\0',4,79,5,10,14,46,99,NULL),(22,'2020-06-18 22:45:57','7baqdrxf89oh7pej8gxc','',3,83,13,18,3,157,221,NULL),(23,'2020-06-18 22:45:57','8qhau6sqcbd1yyc5yxwh','\0',3,30,21,19,15,243,227,NULL),(24,'2020-06-18 22:45:57','7dk8gd08p3ljznpin54m','\0',4,59,10,10,12,96,102,NULL),(25,'2020-06-18 22:45:57','ab8dbao7q5ooyx8cf4p3','\0',3,29,20,10,13,235,102,NULL),(26,'2020-06-18 22:45:57','2tddv3c0aiolfipjjwkg','',2,95,11,19,12,111,233,NULL),(27,'2020-06-18 22:45:57','om25hys6usbc0dw5sm2c','',3,66,5,19,12,45,227,NULL),(28,'2020-06-18 22:45:57','ci5h4cm4cpvn2wu7yo9s','',2,48,3,10,7,19,98,NULL),(29,'2020-06-18 22:45:57','ogx21alqcudpdokkgzct','\0',4,49,22,10,13,251,105,NULL),(30,'2020-06-18 22:45:57','y56mcerfucdrim4t50qi','\0',2,23,14,18,9,166,219,NULL),(31,'2020-06-18 22:45:57','4bu7pb3hpjgb1dtta793','\0',4,85,24,13,6,263,145,NULL),(32,'2020-06-18 22:45:57','vo387o19d6rqip3dndvz','',2,15,15,14,7,191,172,NULL),(33,'2020-06-18 22:45:57','376t5f8j3frtthtd5khf','\0',2,50,5,3,7,37,15,NULL),(34,'2020-06-18 22:45:57','brhzbyl12uw5j19fmcsz','',3,83,12,17,13,123,209,NULL),(35,'2020-06-18 22:45:57','plg03bigd44xyjknc53e','\0',2,40,5,7,14,37,73,NULL),(36,'2020-06-18 22:45:57','tdnzagonqe2ejct533dw','',2,34,3,13,15,17,154,NULL),(37,'2020-06-18 22:45:57','4oy57dl7d2v8wsjy9coi','',3,13,5,22,3,51,252,NULL),(38,'2020-06-18 22:45:57','wpc5tdln9hsxqeicyynd','\0',4,49,13,20,1,135,241,NULL),(39,'2020-06-18 22:45:57','4gr5d66hkiw4vm4zazi2','\0',3,83,19,16,15,227,199,NULL),(40,'2020-06-18 22:45:57','woevlage19c2onseblqk','',3,77,12,14,13,117,163,NULL),(41,'2020-06-18 22:45:57','4icqlvkhali9amrp6qq4','',2,59,7,16,10,66,197,NULL),(42,'2020-06-18 22:45:57','3byuln7h994pcgu5z3ya','',2,37,8,21,13,81,245,NULL),(43,'2020-06-18 22:45:57','wowp7p9u2w4srvy6bb4d','\0',4,26,13,3,8,153,21,NULL),(44,'2020-06-18 22:45:57','hbtbp9jimg9tmxzzurle','\0',4,44,18,2,13,219,10,NULL),(45,'2020-06-18 22:45:57','ab9hsymnt4goonmp9az9','\0',1,35,10,12,12,97,129,NULL),(46,'2020-06-18 22:45:57','9pvnayx92ny86ia2jr71','\0',1,39,10,10,7,94,98,NULL),(47,'2020-06-18 22:45:57','5ko59dq3qf0o9slp3f4a','\0',4,50,5,18,13,51,216,NULL),(48,'2020-06-18 22:45:57','nef1en2xb1t5obx02g0j','',3,30,15,14,8,180,171,NULL),(49,'2020-06-18 22:45:57','mi1gjzizi5z3yhk67yng','',1,43,6,14,11,64,174,NULL),(50,'2020-06-18 22:45:57','ardravpmeo76j5a10r50','',3,45,13,5,4,134,57,NULL),(51,'2020-06-18 22:45:57','wkyf6dgb6rcfcgrfp1aq','',4,78,12,2,10,125,9,NULL),(52,'2020-06-18 22:45:57','sxsgv7bnskl7kgt29j42','',2,94,18,16,8,224,199,NULL),(53,'2020-06-18 22:45:57','2odd4z69ohjg3j2vsox2','\0',3,54,6,12,14,61,117,NULL),(54,'2020-06-18 22:45:57','ooqhhwnyelcejdxgfgwv','\0',4,44,13,5,4,140,52,NULL),(55,'2020-06-18 22:45:57','xxhkg05gbhqfn4oydx3f','',3,84,17,12,4,207,128,NULL),(56,'2020-06-18 22:45:57','h9f4ky9tpd0tnax8kxie','',2,38,18,11,15,219,113,NULL),(57,'2020-06-18 22:45:57','zjvbtmw2cv5hkhlfmyzh','\0',3,18,3,16,11,19,196,NULL),(58,'2020-06-18 22:45:57','lf8phqttofaqkinpvrth','\0',3,21,5,24,11,54,262,NULL),(59,'2020-06-18 22:45:57','6v1lveckv09wyjnp713e','\0',1,54,21,3,6,245,24,NULL),(60,'2020-06-18 22:45:57','fn3z59mn26oziwpcvgnx','',4,61,15,6,5,181,61,NULL),(61,'2020-06-18 22:45:57','1mqzewuuaux97j3a7e6b','',4,16,18,5,12,217,39,NULL),(62,'2020-06-18 22:45:57','0hnm5dnwz6dfdd99xefg','\0',2,73,19,18,1,233,220,NULL),(63,'2020-06-18 22:45:57','uec42j90tnc0mjnkhwso','\0',4,27,15,22,1,192,250,NULL),(64,'2020-06-18 22:45:57','9ti5d3ckrk9yhh33461a','\0',2,64,5,22,12,48,247,NULL),(65,'2020-06-18 22:45:57','oitul7fs6lgzbqh47ump','\0',4,95,3,1,15,17,6,NULL),(66,'2020-06-18 22:45:57','s6hvpfq28ujnz7015wvv','',2,79,12,17,3,116,211,NULL),(67,'2020-06-18 22:45:57','68op5iakp9p7qnj57wg5','',2,73,16,19,13,199,232,NULL),(68,'2020-06-18 22:45:57','qnzoqhtwtzoqnnedipqy','',3,99,5,12,14,48,121,NULL),(69,'2020-06-18 22:45:57','wfcx6h36b33l66bttvxg','',4,11,9,7,6,93,77,NULL),(70,'2020-06-18 22:45:57','k40bg09y6e8wwdcp4tjm','\0',3,60,13,7,2,148,71,NULL),(71,'2020-06-18 22:45:57','8vvcycz1gwlyfdjqedr0','\0',2,65,14,2,2,167,13,NULL),(72,'2020-06-18 22:45:57','r3juov4eqh26xpblrq6o','\0',4,71,19,24,13,229,262,NULL),(73,'2020-06-18 22:45:57','00somau1xe2itio49jhb','',1,13,13,14,10,161,176,NULL),(74,'2020-06-18 22:45:57','bnmj0kqn4mzu37o7qila','\0',2,97,19,13,4,226,138,NULL),(75,'2020-06-18 22:45:57','7sweggdzep6q1ljgrqvc','\0',4,45,12,6,6,131,64,NULL),(76,'2020-06-18 22:45:57','u19tyhkfj1fz81spmdpg','',4,24,5,14,3,48,169,NULL),(77,'2020-06-18 22:45:57','uc0c3w6ulrpbfn8mw9zb','',2,25,15,13,10,186,151,NULL),(78,'2020-06-18 22:45:57','cohxcugu0swyp8j0o7ev','\0',3,74,12,5,11,128,53,NULL),(79,'2020-06-18 22:45:57','aw672f8iiugmglpntjwx','\0',3,29,16,11,6,200,112,NULL),(80,'2020-06-18 22:45:57','naept7wr9wzvcqterxwu','',2,17,22,18,10,248,224,NULL),(81,'2020-06-18 22:45:57','u402ycvyvjy70snrwo19','\0',3,55,16,3,12,202,23,NULL),(82,'2020-06-18 22:45:57','qorz0s65k09umrd0m2jq','\0',4,62,14,15,10,170,178,NULL),(83,'2020-06-18 22:45:57','1kirl0jv8ebog10eu9k5','',2,13,15,7,13,185,75,NULL),(84,'2020-06-18 22:45:57','0kn8daiug4tpunqbd0sk','',4,14,6,18,1,62,223,NULL),(85,'2020-06-18 22:45:57','hypo9pvxz14m9rcr8888','',4,51,17,13,13,209,151,NULL),(86,'2020-06-18 22:45:57','1ck7i3plqdzu034n7klb','\0',3,44,8,18,2,79,218,NULL),(87,'2020-06-18 22:45:57','m72tgm65v89ox3kevb59','\0',4,33,17,20,13,212,239,NULL),(88,'2020-06-18 22:45:57','w2sm94unb1j2uee89upt','\0',1,96,3,13,4,17,147,NULL),(89,'2020-06-18 22:45:57','t19bvnr9whjpcg1m4srk','',2,31,16,7,7,201,74,NULL),(90,'2020-06-18 22:45:57','tnk9xjuh8nx6dj7km39d','\0',4,30,20,4,4,237,29,NULL),(91,'2020-06-18 22:45:57','xdcelbwrmv1mgfxmbffy','',2,19,18,9,10,224,87,NULL),(92,'2020-06-18 22:45:57','5m202jzqciii4kmu5yse','',3,85,7,18,5,75,218,NULL),(93,'2020-06-18 22:45:57','08y8e10wazlyqvi29z0b','\0',3,65,6,22,1,62,252,NULL),(94,'2020-06-18 22:45:57','xcdaqx9wpj1cwmdwllbt','',4,12,23,19,10,256,231,NULL),(95,'2020-06-18 22:45:57','s2dfmq6yhiufyd0le1dg','',4,57,12,12,9,131,125,NULL),(96,'2020-06-18 22:45:57','b0v4kjcgk55w3il1wy4c','',4,17,18,8,15,222,84,NULL),(97,'2020-06-18 22:45:57','at31psowwxhc9cqfj7wj','',3,51,20,13,15,236,152,NULL),(98,'2020-06-18 22:45:57','y01rox7z49jd5vovugzy','',3,63,1,21,7,2,244,NULL),(99,'2020-06-18 22:45:57','i00a8mcr08ax9otcw4e2','',3,31,10,24,3,102,263,NULL),(100,'2020-06-18 22:45:57','laz3d11hc2x7al9iuy0r','',3,35,16,4,14,195,29,NULL),(101,'2020-06-18 22:45:57','lvto446q36firjylrnai','',2,52,24,7,13,261,67,NULL),(102,'2020-06-18 22:45:57','u8hu9abgyd2jr60p1jzb','',3,40,15,18,8,191,217,NULL),(103,'2020-06-18 22:45:57','67frl1q20i629nzoxyg5','',1,37,5,7,14,36,75,NULL),(104,'2020-06-18 22:45:57','ai42w4txwh1c2a0gwpay','\0',4,60,7,12,1,74,129,NULL),(105,'2020-06-18 22:45:57','joom0lhqh691j7z6dp4x','\0',2,93,18,8,8,220,83,NULL),(106,'2020-06-18 22:45:57','ev5zkwd0thekgji19rwy','\0',3,80,5,14,12,50,166,NULL),(107,'2020-06-18 22:45:57','onaml2vj6hyf97yf3y64','',4,80,15,5,6,186,49,NULL),(108,'2020-06-18 22:45:57','1zqb5b13dzpys5x3h4pn','',2,99,13,10,15,149,103,NULL),(109,'2020-06-18 22:45:57','axkm7zx01wo1wduvkqrs','\0',4,20,14,4,6,173,33,NULL),(110,'2020-06-18 22:45:57','fqw2eh08ogs63ut07q8p','\0',2,46,8,8,6,84,80,NULL),(111,'2020-06-18 22:45:57','gd19v2eeqamylsbn09h6','\0',2,81,14,8,3,174,83,NULL),(112,'2020-06-18 22:45:57','aewxv13zvwtt58ir9rhr','\0',4,14,19,10,4,230,104,NULL),(113,'2020-06-18 22:45:57','h0vxdki2jsg84pi1q6xr','\0',3,87,21,5,8,243,36,NULL),(114,'2020-06-18 22:45:57','w1c2wh5px0m6eg90xexs','',3,75,22,1,1,254,1,NULL),(115,'2020-06-18 22:45:57','z3gcff2lwc92ppeb966i','',2,86,14,3,7,172,22,NULL),(116,'2020-06-18 22:45:57','h9zvry8zhkvea45jjl3z','\0',4,38,5,7,12,57,68,NULL),(117,'2020-06-18 22:45:57','mz0d6nfy9neypddpnaal','',2,74,12,13,13,123,146,NULL),(118,'2020-06-18 22:45:57','7zvqnoejiai0ulcrhfv6','\0',3,35,15,5,8,192,35,NULL),(119,'2020-06-18 22:45:57','wkfpvkq6yfn1rzs3kfxk','\0',2,30,9,18,2,88,220,NULL),(120,'2020-06-18 22:45:57','y2gzarbuggxz9cfhyfgi','\0',4,12,14,1,12,174,6,NULL),(121,'2020-06-18 22:45:57','lbc6xrszn0u0oqs59lg3','\0',2,58,12,12,2,123,121,NULL),(122,'2020-06-18 22:45:57','jmhb7qhk70mrd8iblp4s','',3,49,19,22,1,229,252,NULL),(123,'2020-06-18 22:45:57','kscvd2ufm36xxqk1yopk','\0',4,24,8,24,15,83,264,NULL),(124,'2020-06-18 22:45:57','fqaua56xmc27iudqs1bn','',3,60,22,1,3,252,6,NULL),(125,'2020-06-18 22:45:57','4gylqdc9l72cpevztgk4','\0',3,21,24,3,5,263,19,NULL),(126,'2020-06-18 22:45:57','6qmyqmekbnnckk5cn4g4','',3,38,8,1,7,84,2,NULL),(127,'2020-06-18 22:45:57','12moz016fm8tdv5up7kg','',4,74,16,13,1,195,155,NULL),(128,'2020-06-18 22:45:57','28eo4d4nzzlpi80cjynq','\0',3,39,1,5,5,8,44,NULL),(129,'2020-06-18 22:45:57','ch323xldmy1su9e8it2x','',2,22,12,16,12,125,194,NULL),(130,'2020-06-18 22:45:57','szxg13sqeifxm05d5cua','',4,11,16,15,11,193,178,NULL),(131,'2020-06-18 22:45:57','9sja5mj7jkgoquy3pn6j','\0',2,79,20,2,13,238,10,NULL),(132,'2020-06-18 22:45:57','ztvuisyc3r4vq3pkdu80','\0',2,72,12,14,13,125,166,NULL),(133,'2020-06-18 22:45:57','ppnuvhygzw2fr8ydjysd','',1,97,12,11,6,131,106,NULL),(134,'2020-06-18 22:45:57','u5j4dlb3u3qb8r383wmj','',2,73,9,5,2,88,55,NULL),(135,'2020-06-18 22:45:57','jduf07qt0uz8icfri7fh','\0',1,13,2,22,7,10,247,NULL),(136,'2020-06-18 22:45:57','t93bo7kyf2ebhbo70i1n','',3,32,17,6,13,211,64,NULL),(137,'2020-06-18 22:45:57','m079lcj85znlkheq783l','',4,18,16,15,5,204,182,NULL),(138,'2020-06-18 22:45:57','twe6jjr2py0h57x1q31j','\0',2,31,13,5,3,140,57,NULL),(139,'2020-06-18 22:45:57','7hyrb09lhxzfeufirna0','',2,53,13,12,1,147,129,NULL),(140,'2020-06-18 22:45:57','ptfoub096titr0hr4daw','',4,37,11,6,14,112,62,NULL),(141,'2020-06-18 22:45:57','p7y1l8cthvies9d71ui9','\0',3,15,15,5,10,183,47,NULL),(142,'2020-06-18 22:45:57','v6mi3f5zes1344izasrd','',4,68,22,3,15,252,20,NULL),(143,'2020-06-18 22:45:57','4y3j5ah5wjr9q9asm1x4','',1,33,6,10,10,60,99,NULL),(144,'2020-06-18 22:45:57','zx38h42d9p9k21l8gygh','\0',1,63,13,4,7,143,31,NULL),(145,'2020-06-18 22:45:57','iyn2y2hdncmtyzp89h0r','\0',4,26,19,3,10,231,23,NULL),(146,'2020-06-18 22:45:57','5u68wz7eaudxecvmokz2','',4,62,5,15,13,53,190,NULL),(147,'2020-06-18 22:45:57','b3oay01xuxezal9coi3f','',2,65,10,10,1,105,104,NULL),(148,'2020-06-18 22:45:57','zx59e3vxnsc7szk5nee7','',4,38,18,8,8,216,78,NULL),(149,'2020-06-18 22:45:57','losvbudl7ppvm37an9qm','\0',2,48,15,8,5,181,82,NULL),(150,'2020-06-18 22:45:57','c60itjba876dm510hiad','\0',1,86,17,22,3,213,251,NULL),(151,'2020-06-18 22:45:57','mte0mnpt2femxkd5jwdk','\0',4,45,16,10,1,197,104,NULL),(152,'2020-06-18 22:45:57','pskugavirvwzvkt9rspi','',2,38,14,13,2,169,149,NULL),(153,'2020-06-18 22:45:57','ef1zzcu8ky28dif5y6z7','\0',1,92,5,12,2,40,120,NULL),(154,'2020-06-18 22:45:57','6wqin5pb54pfrmvv33lb','\0',2,40,18,4,11,223,31,NULL),(155,'2020-06-18 22:45:57','e0wcsjj3rak2xgeyjc54','',2,76,16,11,1,194,113,NULL),(156,'2020-06-18 22:45:57','sci6z2pxlus4ttf753tr','\0',2,38,3,18,5,21,215,NULL),(157,'2020-06-18 22:45:57','gngi55prhr7fpm6lxm10','',3,90,3,15,7,25,190,NULL),(158,'2020-06-18 22:45:57','ty9wm06a02tw01lc6nqq','',4,76,16,13,4,203,155,NULL),(159,'2020-06-18 22:45:57','3gj6bdvl00z9zxmyal0k','\0',3,12,12,18,4,120,216,NULL),(160,'2020-06-18 22:45:57','x43tacq2b0nsga6d40q7','\0',3,28,11,14,8,108,175,NULL),(161,'2020-06-18 22:45:57','ztz09skp2092wvnwnvda','',3,41,10,5,2,101,36,NULL),(162,'2020-06-18 22:45:57','6w8ha5pz87gakv874r95','',2,32,17,7,12,209,70,NULL),(163,'2020-06-18 22:45:57','jsm98mou7a26aaab040m','',4,47,3,11,6,21,115,NULL),(164,'2020-06-18 22:45:57','bxypem7wwlad1exudt1b','\0',4,89,5,19,13,50,227,NULL),(165,'2020-06-18 22:45:57','5c0zqo2f0tto70ou9ptl','',4,33,14,3,15,163,16,NULL),(166,'2020-06-18 22:45:57','gwnm0b8xhfp4yu9eh500','',4,12,13,7,5,136,67,NULL),(167,'2020-06-18 22:45:57','m034t88lf4n7g881jgz8','\0',2,41,16,23,14,200,259,NULL),(168,'2020-06-18 22:45:57','glmogpxr29t398j2tef3','',4,67,8,13,15,84,162,NULL),(169,'2020-06-18 22:45:57','smf0nnlv6hz7w7jk6ttk','\0',4,85,12,21,12,118,246,NULL),(170,'2020-06-18 22:45:57','c6joz6o5n9jm4v0wdmm6','\0',1,79,13,14,7,137,165,NULL),(171,'2020-06-18 22:45:57','l2d3yy8mfluj1pqg45mo','',4,86,16,15,14,201,186,NULL),(172,'2020-06-18 22:45:57','ze2q1qrhe8v6iau0evkf','',4,64,12,13,7,117,134,NULL),(173,'2020-06-18 22:45:57','umwzghn8xzdyysovi54z','',2,21,10,13,4,96,152,NULL),(174,'2020-06-18 22:45:57','dt5sh4z8yqvzza8fw49p','',3,43,12,10,15,118,98,NULL),(175,'2020-06-18 22:45:57','58itajxaomzy0nrqk01o','',2,25,15,2,10,181,13,NULL),(176,'2020-06-18 22:45:57','srty2t282dxf449vfjh4','\0',2,84,13,16,7,144,197,NULL),(177,'2020-06-18 22:45:57','hvs3vozgizjnup4cbcm0','',4,59,15,19,9,177,232,NULL),(178,'2020-06-18 22:45:57','gie36kbsqsbf5sdms988','',3,47,14,11,10,165,115,NULL),(179,'2020-06-18 22:45:57','jm510z07uppjskdjyagz','\0',4,30,11,7,11,112,68,NULL),(180,'2020-06-18 22:45:57','4nkaalo47o88vo2tmdxw','',2,15,13,13,8,137,159,NULL),(181,'2020-06-18 22:45:57','lxt695uqnkpnofc2yr8t','\0',3,20,3,15,14,25,189,NULL),(182,'2020-06-18 22:45:57','qk1wfok2mpeocozawzi4','',4,27,15,19,11,186,229,NULL),(183,'2020-06-18 22:45:57','m2pe0d0p0bzrru3ipfvk','',4,86,8,17,4,83,213,NULL),(184,'2020-06-18 22:45:57','mk6w1xfqedz6tdcurpb3','',3,98,5,15,1,53,182,NULL),(185,'2020-06-18 22:45:57','ssjj9j4cbmmn25lc6ecs','\0',3,16,21,1,3,245,3,NULL),(186,'2020-06-18 22:45:57','fhdm96i6lsq1lojgle98','',4,92,17,5,7,212,49,NULL),(187,'2020-06-18 22:45:57','6ltmhp30db4oyo1d6rk3','\0',4,35,7,16,10,76,201,NULL),(188,'2020-06-18 22:45:57','l0j8fdm1f9zvhha5rpdw','',4,29,19,2,6,228,12,NULL),(189,'2020-06-18 22:45:57','yxm433o67jo7cn9641fq','\0',1,43,15,7,5,184,70,NULL),(190,'2020-06-18 22:45:57','4022dvtoay6nlf5opqff','',2,63,4,13,12,27,154,NULL),(191,'2020-06-18 22:45:57','n8gel5nxz77t5oiagwr7','',4,18,13,13,3,147,156,NULL),(192,'2020-06-18 22:45:57','yirohyi6xfx2kxbaxddb','',4,90,8,15,13,80,189,NULL),(193,'2020-06-18 22:45:57','mtkf9r0vonpedivvuaoa','',3,74,7,20,2,65,239,NULL),(194,'2020-06-18 22:45:57','hfoi94jfhqrkcffgg3n2','',4,96,3,15,4,22,185,NULL),(195,'2020-06-18 22:45:57','9o83x0whjktxdcd84zfm','',3,85,9,3,1,93,17,NULL),(196,'2020-06-18 22:45:57','ddtqx4fip1y0wlzseqb8','\0',2,92,15,5,6,179,36,NULL),(197,'2020-06-18 22:45:57','dqjnilngixid3b37lwry','',4,76,4,6,1,31,63,NULL),(198,'2020-06-18 22:45:57','w00og1f96hl1rplsz9yn','',4,52,19,4,8,234,27,NULL),(199,'2020-06-18 22:45:57','c1bl3abqqdsc5wwd9kbl','',2,85,6,22,14,64,248,NULL),(200,'2020-06-18 22:45:57','y9adkmnvzxak7tcgwgzg','',2,85,22,12,2,248,122,NULL),(201,'2020-06-18 22:45:57','alhck147fzuyjmx36izh','\0',2,70,4,7,11,33,66,NULL),(202,'2020-06-18 22:45:57','apeh7hta8h58zcrxl8k2','',3,82,9,23,2,93,259,NULL),(203,'2020-06-18 22:45:57','giu9lvgq81xeid7ysg74','\0',4,46,21,7,4,246,76,NULL),(204,'2020-06-18 22:45:57','5zzf6u88rs0r2bjbf0yw','\0',4,66,13,8,4,137,82,NULL),(205,'2020-06-18 22:45:57','fqc6xkhlsh39j58vh75k','',3,84,10,22,6,95,252,NULL),(206,'2020-06-18 22:45:57','bd81c0a5x5mj1kkxw6p1','\0',4,62,13,5,13,154,45,NULL),(207,'2020-06-18 22:45:57','gqsv4hwegrir0s5q9qhm','\0',4,15,5,15,7,52,191,NULL),(208,'2020-06-18 22:45:57','fo0oygy64xfqeeyp7oh1','\0',4,99,16,5,3,202,50,NULL),(209,'2020-06-18 22:45:57','be209k8vl6hts60lmvuu','',1,28,18,15,4,218,186,NULL),(210,'2020-06-18 22:45:57','e33svoh6u844p4akp7du','',4,40,10,17,6,96,210,NULL),(211,'2020-06-18 22:45:57','16n6a1bndkicqvtdb3c6','',1,17,3,17,5,24,214,NULL),(212,'2020-06-18 22:45:57','exlyzlz58vq1t3ykfovu','\0',3,19,16,9,12,203,88,NULL),(213,'2020-06-18 22:45:57','cexqgsikinrpj5145yh7','\0',4,21,11,5,13,112,46,NULL),(214,'2020-06-18 22:45:57','j1tg2rkti336zr1aotcy','\0',4,19,14,18,5,175,222,NULL),(215,'2020-06-18 22:45:57','dqpa1ju7fgekh2wsynxp','\0',2,18,6,18,9,61,215,NULL),(216,'2020-06-18 22:45:57','pmkgoqqkz5hdpkq1ca29','',4,16,13,13,8,160,132,NULL),(217,'2020-06-18 22:45:57','82w63kzz5o39tcazmpah','',3,95,15,1,12,190,8,NULL),(218,'2020-06-18 22:45:57','6pkkl951b4ha5v4t7ykh','',3,65,24,12,3,263,117,NULL),(219,'2020-06-18 22:45:57','pftg9kq2p6tzizjt7mas','',4,81,9,16,2,89,201,NULL),(220,'2020-06-18 22:45:57','9x883jrans7tmnrhjug8','',4,39,17,13,7,213,160,NULL),(221,'2020-06-18 22:45:57','s671d5ptnvt99jart8e2','',1,61,5,7,3,50,77,NULL),(222,'2020-06-18 22:45:57','5taxo2eggwv3nbc4emdn','\0',3,69,6,13,14,60,159,NULL),(223,'2020-06-18 22:45:57','4nx4lk54igc76ilkf0fb','',4,76,24,5,14,262,46,NULL),(224,'2020-06-18 22:45:57','rmg4aw1x5keuuxck0aw3','\0',4,53,23,21,7,258,243,NULL),(225,'2020-06-18 22:45:57','yyposjhqisxefcpd44kq','',4,87,13,21,12,161,244,NULL),(226,'2020-06-18 22:45:57','dg33ovcanptfyhxdbnb5','\0',4,88,5,5,13,44,57,NULL),(227,'2020-06-18 22:45:57','q1ptztp8zrc16viyxcvs','\0',4,76,2,9,10,14,93,NULL),(228,'2020-06-18 22:45:57','d2vcnkwwlqd2noifm2kt','\0',3,61,24,5,8,260,47,NULL),(229,'2020-06-18 22:45:57','1l8ehhoelo3bxekd2ulp','',3,66,20,7,8,238,72,NULL),(230,'2020-06-18 22:45:57','iyiho0cyzmpfvtlkh8n7','',4,96,13,4,7,140,26,NULL),(231,'2020-06-18 22:45:57','tvzrmznhxlo30i30ff0a','\0',3,92,17,19,1,213,227,NULL),(232,'2020-06-18 22:45:57','55ofpxqpguq8a5o7hb34','\0',2,66,13,9,12,139,92,NULL),(233,'2020-06-18 22:45:57','nug4qnjgt8ki5yrt8u9t','',1,52,18,15,7,216,188,NULL),(234,'2020-06-18 22:45:57','s0gumyxxv0n2olmyztnb','',2,13,20,7,4,235,77,NULL),(235,'2020-06-18 22:45:57','ed2qlw9dttg40md8tt49','\0',3,39,12,18,8,118,218,NULL),(236,'2020-06-18 22:45:57','1sfssthej0vl6o4v0hcr','',3,88,1,13,9,6,133,NULL),(237,'2020-06-18 22:45:57','2ipof8z98ye3ys9hcz2d','\0',4,13,2,5,11,10,38,NULL),(238,'2020-06-18 22:45:57','36zw5el4tui3hdmy8fgq','',4,47,16,15,2,195,192,NULL),(239,'2020-06-18 22:45:57','l5ncdowbixg25zkvy6pi','\0',1,34,8,17,5,82,207,NULL),(240,'2020-06-18 22:45:57','hob5y0z2diq6wepu0nmv','\0',3,20,2,1,15,14,6,NULL),(241,'2020-06-18 22:45:57','3rcgcjwqbgsownzcm6pn','',2,85,12,21,4,131,245,NULL),(242,'2020-06-18 22:45:57','zf3046yohcg0xiurajmh','',1,81,7,8,11,73,78,NULL),(243,'2020-06-18 22:45:57','vpabvq5kxepc1xjprrbl','\0',4,13,15,20,3,179,240,NULL),(244,'2020-06-18 22:45:57','s5o0h6076m2e85a2y34p','\0',4,75,20,14,9,235,174,NULL),(245,'2020-06-18 22:45:57','k7ef6vwbo0hlcf1tobnd','',4,91,1,11,7,6,106,NULL),(246,'2020-06-18 22:45:57','1e0ypzpc6hcrcs02u53s','\0',4,56,19,22,6,232,253,NULL),(247,'2020-06-18 22:45:57','iyfl1180gqz8w2zuxxxn','',4,75,14,12,12,167,122,NULL),(248,'2020-06-18 22:45:57','ezgv1vhevysnloa2wnpv','\0',4,28,15,17,8,182,207,NULL),(249,'2020-06-18 22:45:57','di5vhike1dgb5wintrei','',4,34,1,20,12,8,236,NULL),(250,'2020-06-18 22:45:57','y3jq7htrgw5wx9cj77u1','',3,27,10,2,2,98,9,NULL),(251,'2020-06-18 22:45:57','09jaspkwpmcbx897arxn','\0',3,31,16,5,5,203,48,NULL),(252,'2020-06-18 22:45:57','ooqxahyjyxxqf9a77055','',4,55,19,16,15,228,193,NULL),(253,'2020-06-18 22:45:57','kliii3jdxe2nu41a29fo','',4,38,8,21,9,79,243,NULL),(254,'2020-06-18 22:45:57','6k8c23vwheid5yscg7z9','\0',3,88,3,13,14,19,158,NULL),(255,'2020-06-18 22:45:57','s8uora6uuqd0d8za5cue','',3,22,21,3,15,243,20,NULL),(256,'2020-06-18 22:45:57','5mvhk2f0qzdlftwjquu7','\0',3,80,3,10,10,20,95,NULL),(257,'2020-06-18 22:45:57','ybkee88kzi0b0stuogli','',4,36,7,15,7,67,192,NULL),(258,'2020-06-18 22:45:57','tjygdrr0nm1fz0n1dekq','',3,20,18,13,3,219,142,NULL),(259,'2020-06-18 22:45:57','t56meww73jzwu03c0vgu','\0',3,22,19,20,5,226,239,NULL),(260,'2020-06-18 22:45:57','oclfz81qwyq9lnpins5t','\0',2,92,13,14,11,143,176,NULL),(261,'2020-06-18 22:45:57','de74fb2yhh208rf8a5rg','\0',4,18,15,24,3,184,262,NULL),(262,'2020-06-18 22:45:57','yd9ei2bb2paivi3gbr76','',4,91,7,10,5,74,103,NULL),(263,'2020-06-18 22:45:57','4z56q6100vhchvcsemz1','',3,15,17,5,14,213,40,NULL),(264,'2020-06-18 22:45:57','nha1efbmus7sa1u6bp6z','',4,97,19,10,1,225,105,NULL),(265,'2020-06-18 22:45:57','7vd0eduynbw4dngh3aaj','',3,62,5,7,10,45,77,NULL),(266,'2020-06-18 22:45:57','p5k9i74q6g9cmzpkelvl','',3,20,9,19,4,89,233,NULL),(267,'2020-06-18 22:45:57','mrol10nao6tp4uypm6py','',3,27,12,10,3,129,101,NULL),(268,'2020-06-18 22:45:57','awym8qol59v8cz99ndjc','',3,35,8,14,6,84,175,NULL),(269,'2020-06-18 22:45:57','g7bkmapwbfccft6s9m5r','',3,75,15,12,5,184,130,NULL),(270,'2020-06-18 22:45:57','fqbvcgpsj0wqcnel3qh8','',3,47,19,15,4,230,188,NULL),(271,'2020-06-18 22:45:57','ko55jc1kah0d7kth3l18','',4,77,5,13,4,56,134,NULL),(272,'2020-06-18 22:45:57','uztydu4z2zl2ut2m6nyy','\0',4,18,11,1,7,113,2,NULL),(273,'2020-06-18 22:45:57','pyfg4oo905m4akff2mfh','\0',1,35,17,1,15,209,3,NULL),(274,'2020-06-18 22:45:57','i3oeg2d40tjr1wl8b9ao','\0',3,67,14,10,11,174,99,NULL),(275,'2020-06-18 22:45:57','7yfz4hojgf3mprtxyfyb','',3,78,22,18,12,248,215,NULL),(276,'2020-06-18 22:45:57','mnkq3rr3utxedhpd3cxt','',4,93,13,22,11,152,254,NULL),(277,'2020-06-18 22:45:57','rby913p4o5diz3d4328l','',4,33,18,23,15,217,258,NULL),(278,'2020-06-18 22:45:57','bun5xul880l7e4p0jiz9','\0',4,77,9,13,4,92,148,NULL),(279,'2020-06-18 22:45:57','nltngrdhnvewyzx07s0u','\0',4,35,11,7,4,114,74,NULL),(280,'2020-06-18 22:45:57','o14jggr5ydj9xyulota9','',4,67,7,11,10,67,109,NULL),(281,'2020-06-18 22:45:57','cz9qy6w3ww7wlklybp44','\0',3,63,5,24,11,50,264,NULL),(282,'2020-06-18 22:45:57','7po64ie5ks3dg5vq4gyw','',4,70,15,3,11,179,15,NULL),(283,'2020-06-18 22:45:57','oq84dw1gbdkldjbbgv3t','',3,85,9,18,4,88,216,NULL),(284,'2020-06-18 22:45:57','acohen6oy95qy5kh1g91','\0',2,70,15,9,12,183,88,NULL),(285,'2020-06-18 22:45:57','4zurbz0qpegerxcfdy0s','\0',1,43,16,15,4,195,190,NULL),(286,'2020-06-18 22:45:57','99c0swuvjr9lf2bkfom5','\0',4,74,13,22,2,139,254,NULL),(287,'2020-06-18 22:45:57','cwzdwn193n8k03dw0kqx','\0',3,97,1,3,6,4,22,NULL),(288,'2020-06-18 22:45:57','44kwufffmhwiuy8frpp5','',4,59,20,8,8,235,85,NULL),(289,'2020-06-18 22:45:57','q0p6vercolmn5x0vry2h','\0',1,66,13,7,12,140,76,NULL),(290,'2020-06-18 22:45:57','yokpefpo8uis5svqpibl','\0',1,80,12,19,2,122,226,NULL),(291,'2020-06-18 22:45:57','clm2o6l9r8bk1auc3zny','',4,21,5,2,14,49,11,NULL),(292,'2020-06-18 22:45:57','hqq223tf3evy4uml89to','\0',1,49,8,19,3,81,225,NULL),(293,'2020-06-18 22:45:57','58oduvpb2hdh50j73v94','\0',4,39,16,9,13,193,89,NULL),(294,'2020-06-18 22:45:57','ghajrg0h1iihekgbh1e1','\0',4,85,3,7,2,17,74,NULL),(295,'2020-06-18 22:45:57','21uqvz4pasx243zb25qq','',2,19,4,7,7,32,66,NULL),(296,'2020-06-18 22:45:57','1dqcnfi38322jo3orqgk','\0',2,86,4,21,2,27,244,NULL),(297,'2020-06-18 22:45:57','j3suw3t1l5jgd95zgkns','\0',2,12,5,8,4,41,84,NULL),(298,'2020-06-18 22:45:57','ezwgu8qs9umiht1ejgnc','',4,80,11,15,1,114,189,NULL),(299,'2020-06-18 22:45:57','sksq7sqbbmbmqwwnz0rb','\0',4,29,15,13,3,188,134,NULL),(300,'2020-06-18 22:45:57','owr7mdzfhjqcta2nimn7','\0',3,77,16,13,14,196,153,NULL),(301,'2020-06-18 22:45:57','de6x3pqdnj8lbtpai8c4','',4,18,7,4,11,66,27,NULL),(302,'2020-06-18 22:45:57','hgrrg0ypfnv9l10ilssn','',2,93,13,5,2,157,48,NULL),(303,'2020-06-18 22:45:57','sgcy5d2py28girjk7etf','',4,88,10,15,11,99,177,NULL),(304,'2020-06-18 22:45:57','ui8qztqeb4m3wnghxwfv','\0',2,86,12,5,15,128,57,NULL),(305,'2020-06-18 22:45:57','2wjnxda5l1pghc7n6ibg','',2,47,14,2,15,164,10,NULL),(306,'2020-06-18 22:45:57','3sbqi56sbgsmhe8ixwnr','\0',4,39,10,19,12,103,233,NULL),(307,'2020-06-18 22:45:57','8sind26gdfsfe5db1wks','',3,94,3,5,5,23,58,NULL),(308,'2020-06-18 22:45:57','l4pe221k6vrvbznojpyh','',1,54,13,13,11,152,160,NULL),(309,'2020-06-18 22:45:57','nnjoxbdfknqejw56auvo','\0',1,89,14,14,2,163,175,NULL),(310,'2020-06-18 22:45:57','82wmpvpkz3m9ezljpht2','',4,54,11,2,11,112,13,NULL),(311,'2020-06-18 22:45:57','9ksg65dmnmect5wnw1zi','\0',3,75,7,1,12,74,3,NULL),(312,'2020-06-18 22:45:57','9eajejd2jbimz2amfvso','',2,55,7,5,2,65,50,NULL),(313,'2020-06-18 22:45:57','8dlcs8lz1ttlfan2lljf','',2,34,15,8,15,190,83,NULL),(314,'2020-06-18 22:45:57','iepjal5zevvj2c394ner','',1,75,7,21,11,71,242,NULL),(315,'2020-06-18 22:45:57','nvb35gxs5q1bki5xvno5','\0',2,45,12,14,14,124,166,NULL),(316,'2020-06-18 22:45:57','bzvr5qm6uvi99m31g5jt','\0',4,30,11,10,15,109,105,NULL),(317,'2020-06-18 22:45:57','pgwsrbtjftpq02pm3f7q','',4,17,3,4,2,18,30,NULL),(318,'2020-06-18 22:45:57','opvxxjnm9gwmecq5al8l','\0',2,77,16,5,5,202,45,NULL),(319,'2020-06-18 22:45:57','3fvl6njvcnnjz93kw9so','\0',2,73,23,18,9,257,216,NULL),(320,'2020-06-18 22:45:57','3uzs3s6yf4a5z0kc6roz','',3,85,10,13,2,104,148,NULL),(321,'2020-06-18 22:45:57','zx68b846vy16ao46k79z','\0',2,71,20,19,2,240,225,NULL),(322,'2020-06-18 22:45:57','bq3vtb4juh7bhio101s3','\0',1,71,3,22,5,18,250,NULL),(323,'2020-06-18 22:45:57','ileqzmk0wafwe2ps82ck','',2,46,5,13,7,57,144,NULL),(324,'2020-06-18 22:45:57','kpvzo1unpl8dqa056pi5','\0',2,56,4,24,11,27,260,NULL),(325,'2020-06-18 22:45:57','ttzd9qlb7szfappq3tsm','',2,58,9,13,13,91,134,NULL),(326,'2020-06-18 22:45:57','knc3eaetbanx5nn9ef5f','\0',4,34,10,9,11,100,91,NULL),(327,'2020-06-18 22:45:57','f0i7ml48v7xexe8hnve7','\0',1,62,16,17,6,193,209,NULL),(328,'2020-06-18 22:45:57','2t7roq2e00kdmverd4pn','\0',3,60,1,3,10,2,18,NULL),(329,'2020-06-18 22:45:57','ya0c08g1wc1t7ff7afc7','',3,74,16,10,9,203,94,NULL),(330,'2020-06-18 22:45:57','29y6t4gk5y4o8zh6tt0w','\0',2,11,15,18,1,179,217,NULL),(331,'2020-06-18 22:45:57','cgvt0saqtyzuhyp44sxc','\0',2,84,2,12,10,11,129,NULL),(332,'2020-06-18 22:45:57','k4istqpgsp8x5kvwt1rf','\0',2,51,15,12,12,191,116,NULL),(333,'2020-06-18 22:45:57','6cex9hjoucb0dv7r0ti2','\0',2,53,13,1,9,143,3,NULL),(334,'2020-06-18 22:45:57','rljjhzkw6gcnc6jxxg1e','',2,72,3,5,6,25,37,NULL),(335,'2020-06-18 22:45:57','9ch7j3nuokmd20bd7i9o','\0',4,39,5,3,1,42,18,NULL),(336,'2020-06-18 22:45:57','gcbywi80ztwcff0a42j6','',1,62,1,10,15,6,103,NULL),(337,'2020-06-18 22:45:57','msrm7ws8xpxo3971n6ad','',2,60,5,13,14,41,159,NULL),(338,'2020-06-18 22:45:57','jogswuhcdrsw9vya4yjy','\0',4,83,15,18,5,188,223,NULL),(339,'2020-06-18 22:45:57','6hlhxmt6gaj57mh0vkio','\0',3,20,19,14,11,232,170,NULL),(340,'2020-06-18 22:45:57','0gsq6z0r1tb88nj89y2n','\0',2,28,13,3,5,141,23,NULL),(341,'2020-06-18 22:45:57','pv8cdf3n318gsnoy18sr','',2,61,20,13,15,238,133,NULL),(342,'2020-06-18 22:45:57','21alu1lca3gyzkfjadjb','',4,17,20,1,10,237,5,NULL),(343,'2020-06-18 22:45:57','8ao0kklt95lfowfq3zgm','',2,92,10,12,7,95,116,NULL),(344,'2020-06-18 22:45:57','nhk8yqfr0d579kfh7h73','\0',3,48,2,13,9,11,142,NULL),(345,'2020-06-18 22:45:57','10tth4pmc4lq58tx624u','',2,40,5,20,15,46,236,NULL),(346,'2020-06-18 22:45:57','fx71q55cj7hgilupgno8','',4,86,5,5,1,47,38,NULL),(347,'2020-06-18 22:45:57','79paodc5dlwka2fddpjv','',1,35,13,5,15,148,53,NULL),(348,'2020-06-18 22:45:57','4bmegt8s2d53xrl3554d','\0',1,88,24,18,11,263,218,NULL),(349,'2020-06-18 22:45:57','v01xi2xsvszre44xc67i','',4,56,5,24,9,49,263,NULL),(350,'2020-06-18 22:45:57','p3kiqe0jrolpmcki7nzr','',2,78,11,18,13,109,215,NULL),(351,'2020-06-18 22:45:57','ag863rf7qjkwg8o4nrdq','\0',3,36,9,1,15,88,2,NULL),(352,'2020-06-18 22:45:57','za8ec0jguqq37ijlg4rt','',1,17,3,15,12,19,189,NULL),(353,'2020-06-18 22:45:57','wjhfmbi58kzv3tbg7hvq','\0',1,67,12,5,8,120,35,NULL),(354,'2020-06-18 22:45:57','hn5sw03sf3pvchqhy0qf','\0',2,52,23,12,4,259,131,NULL),(355,'2020-06-18 22:45:57','o5pdsioegpn0ujeldrai','\0',4,31,15,3,1,179,20,NULL),(356,'2020-06-18 22:45:57','1x3ctqrfmlm64pvhj3oy','\0',3,11,24,5,11,264,44,NULL),(357,'2020-06-18 22:45:57','c7lclrx6up4sz4dukf2s','',1,59,19,22,10,230,253,NULL),(358,'2020-06-18 22:45:57','vnbzjgucvtseszu6ko7m','',4,34,14,15,9,173,184,NULL),(359,'2020-06-18 22:45:57','msx4hm6zht5wxtgcc0zi','',3,22,18,5,1,221,53,NULL),(360,'2020-06-18 22:45:57','4y0qqkwkcpniimohhk11','',2,84,19,4,4,229,33,NULL),(361,'2020-06-18 22:45:57','8da6quoazvxs823p5vw1','',4,97,14,17,7,170,211,NULL),(362,'2020-06-18 22:45:57','mlvrxr1th5pvp2e912yq','\0',2,98,11,6,2,110,60,NULL),(363,'2020-06-18 22:45:57','3fgbvimz2b31e43hm8gi','',4,38,16,10,4,196,105,NULL),(364,'2020-06-18 22:45:57','53cd2yh3hs2bcxf5id32','\0',1,51,3,10,1,25,100,NULL),(365,'2020-06-18 22:45:57','hcwvlq8v58r6ifv1zt70','\0',2,35,1,19,2,4,232,NULL),(366,'2020-06-18 22:45:57','3zjtdymzmvp9rfs6h2x2','\0',2,27,19,18,7,231,216,NULL),(367,'2020-06-18 22:45:57','5pk3djhcs5ku02onrtcb','\0',4,23,21,16,10,244,200,NULL),(368,'2020-06-18 22:45:57','e9t99d7rk63te3i7weol','\0',4,67,12,14,11,122,171,NULL),(369,'2020-06-18 22:45:57','cro86u1ndo8169v7oy4n','',4,92,10,13,8,99,155,NULL),(370,'2020-06-18 22:45:57','ugbowpjae7joh7kovmb1','',2,34,10,15,10,101,191,NULL),(371,'2020-06-18 22:45:57','m8r4hxnb1xwad6qsvtns','\0',2,51,15,7,13,184,70,NULL),(372,'2020-06-18 22:45:57','f39g7gpf0m6cmxnzuoxx','',1,38,11,5,14,107,40,NULL),(373,'2020-06-18 22:45:57','5n5q5vo1s9rwmuv1b5b8','\0',4,43,19,13,8,225,140,NULL),(374,'2020-06-18 22:45:57','87i9zp00jzd5mhloka4n','',4,45,5,3,14,44,25,NULL),(375,'2020-06-18 22:45:57','zswapu4cpolnblndtrgc','\0',2,56,22,2,4,251,9,NULL),(376,'2020-06-18 22:45:57','ya11pp7175s7aj1u6zru','\0',2,93,5,15,4,45,178,NULL),(377,'2020-06-18 22:45:57','c144ra30ua5aosd031bm','\0',2,94,10,14,12,100,171,NULL),(378,'2020-06-18 22:45:57','5gacoq2l2jkjm1ndzrgp','',2,13,5,13,4,52,146,NULL),(379,'2020-06-18 22:45:57','ns0t1ptveeshlmhexm47','\0',2,98,12,18,11,130,215,NULL),(380,'2020-06-18 22:45:57','40ivnojzb89kh24ardvh','\0',4,10,17,22,9,207,247,NULL),(381,'2020-06-18 22:45:57','6i63xh664utm0ybfkqc4','',2,46,18,5,9,219,47,NULL),(382,'2020-06-18 22:45:57','2czoeurftcmp61b7hxr8','\0',4,17,14,11,12,176,113,NULL),(383,'2020-06-18 22:45:57','pkw529dyg3988q8z25ns','\0',2,84,13,24,13,157,261,NULL),(384,'2020-06-18 22:45:57','d3stv16vy2ebgtpol93q','',4,43,12,21,4,130,244,NULL),(385,'2020-06-18 22:45:57','xlis3f9rdfkz4z8ahr77','\0',2,78,14,9,3,173,89,NULL),(386,'2020-06-18 22:45:57','n6nmtxmscgcg45xkpzfg','\0',1,17,16,10,4,194,96,NULL),(387,'2020-06-18 22:45:57','k9rj263kxu8txueuki1m','',4,57,15,5,11,178,51,NULL),(388,'2020-06-18 22:45:57','xdjqp3si7z51pp3ad9w1','\0',2,59,10,14,13,94,174,NULL),(389,'2020-06-18 22:45:57','0vha42e15e9qbrqz7otc','',4,33,5,7,15,52,76,NULL),(390,'2020-06-18 22:45:57','z3oub9ww3dq3uzfqyp8j','\0',3,56,6,21,14,62,245,NULL),(391,'2020-06-18 22:45:57','o7me6pys2d1gqejy5ldc','',4,80,9,13,8,87,136,NULL),(392,'2020-06-18 22:45:57','1ib685rlhgkkvdk77vn9','',4,58,13,3,1,133,24,NULL),(393,'2020-06-18 22:45:57','a7epuzvhmykw5u4p6x0d','',4,11,14,14,12,171,173,NULL),(394,'2020-06-18 22:45:57','1pz7lullml297pb6ud58','',4,96,7,2,8,74,14,NULL),(395,'2020-06-18 22:45:57','3tsue9c46bfkpsvebl3c','\0',3,43,22,10,11,252,95,NULL),(396,'2020-06-18 22:45:57','32lqyfpkocgitts1bn92','',4,81,4,7,14,28,67,NULL),(397,'2020-06-18 22:45:57','qcuju9tvwths5mndvfzh','\0',3,26,9,18,5,87,221,NULL),(398,'2020-06-18 22:45:57','z60uhntkka8v8hzeg7j3','\0',4,69,12,18,7,131,224,NULL),(399,'2020-06-18 22:45:57','iahs8vjakicwezjuuqg0','',4,94,12,17,11,128,210,NULL),(400,'2020-06-18 22:45:57','atwzlaiwk86r60wz1ygq','\0',1,19,15,15,11,189,178,NULL),(401,'2020-06-18 22:45:57','8jpya3lnw64bo5cyujo7','',3,25,3,8,7,24,84,NULL),(402,'2020-06-18 22:45:57','fg3m4rrcz7580vko7bjw','',1,98,11,4,12,111,32,NULL),(403,'2020-06-18 22:45:57','q4t05m514q8uze82bmf7','\0',3,61,18,3,15,221,20,NULL),(404,'2020-06-18 22:45:57','ig35wmdc9z706pmkojdt','',3,80,13,3,4,135,18,NULL),(405,'2020-06-18 22:45:57','3m20u0844x46ubtuqm8x','',1,92,13,9,1,161,91,NULL),(406,'2020-06-18 22:45:57','x9a3hffwlb8zy94zp9d3','\0',3,24,18,5,11,220,57,NULL),(407,'2020-06-18 22:45:57','b5yndkvaeo0qm6b815qm','\0',4,19,9,19,6,87,234,NULL),(408,'2020-06-18 22:45:57','c10ztusk9l3aa0v85tse','\0',3,24,13,5,9,161,45,NULL),(409,'2020-06-18 22:45:57','svnmkd0pza2px6lkbgvu','\0',4,56,14,3,4,176,20,NULL),(410,'2020-06-18 22:45:57','8lusx1w90i2wtvq3pc4x','',4,75,14,15,1,163,185,NULL),(411,'2020-06-18 22:45:57','3oz01hipt1u4bsmh7vsq','',4,61,1,18,6,5,224,NULL),(412,'2020-06-18 22:45:57','w7qnljymf7vwizy66oth','\0',4,22,13,19,15,149,228,NULL),(413,'2020-06-18 22:45:57','m054rzcwghvhrcb6je6c','',3,78,20,13,12,239,142,NULL),(414,'2020-06-18 22:45:58','xbc3e3tvjyqnmp5kgb2b','\0',1,93,15,24,3,191,262,NULL),(415,'2020-06-18 22:45:58','vqldraejze0fc0oq80bm','\0',4,52,4,13,11,32,133,NULL),(416,'2020-06-18 22:45:58','yd15z496p05lo0szdd6q','',3,87,15,22,15,183,251,NULL),(417,'2020-06-18 22:45:58','fjvyow1rlrmtxz7qlyv0','',2,23,5,5,5,52,55,NULL),(418,'2020-06-18 22:45:58','a6187niz8svy7f6vs218','',1,24,12,22,14,118,253,NULL),(419,'2020-06-18 22:45:58','0u5x2vchqveeiqtdg0a3','\0',4,24,5,5,2,46,41,NULL),(420,'2020-06-18 22:45:58','72e9vidkzjoa353vswdv','\0',4,92,8,3,14,81,15,NULL),(421,'2020-06-18 22:45:58','v9ucarvnml8f2p9o8lk0','',2,25,1,2,13,3,9,NULL),(422,'2020-06-18 22:45:58','h1pm6v8fy4vh3lfqtxs1','\0',4,59,21,9,15,246,87,NULL),(423,'2020-06-18 22:45:58','9y7xkav2645pyeo24mgp','',4,35,16,6,3,195,63,NULL),(424,'2020-06-18 22:45:58','yv2um0gl3kcgyr7ha4t0','\0',4,54,1,13,10,6,140,NULL),(425,'2020-06-18 22:45:58','cojsgnfsaa2aovhbk8ng','',1,64,13,5,14,138,46,NULL),(426,'2020-06-18 22:45:58','suluh05tkj6si5sedgcg','',4,46,19,13,7,234,135,NULL),(427,'2020-06-18 22:45:58','6eitmbyc2shixzeipkau','',1,62,4,13,8,33,136,NULL),(428,'2020-06-18 22:45:58','r446frgsqwtyq8l1cbe1','\0',2,47,2,20,3,13,237,NULL),(429,'2020-06-18 22:45:58','72ekkolrjr6kfr85goyv','',2,54,20,12,3,236,116,NULL),(430,'2020-06-18 22:45:58','5odlj7t19fs5vy7o6mj0','',4,29,7,7,12,77,67,NULL),(431,'2020-06-18 22:45:58','g87sjcxxqaj7ya6b1lvq','\0',3,98,23,8,11,257,78,NULL),(432,'2020-06-18 22:45:58','ws79wsarkxrtqxdhz4l1','\0',4,80,20,5,9,241,52,NULL),(433,'2020-06-18 22:45:58','aef02j46yk9pbgwfggvt','\0',4,77,4,4,14,26,27,NULL),(434,'2020-06-18 22:45:58','q4h3bwxy09hwwugt7jyc','\0',3,57,5,24,8,56,260,NULL),(435,'2020-06-18 22:45:58','gbluoajpaeqvyi7cuan9','\0',3,90,23,8,14,259,84,NULL),(436,'2020-06-18 22:45:58','ygvlimifr4f1cf04xbjl','',1,49,22,13,3,254,145,NULL),(437,'2020-06-18 22:45:58','bu8rrl6hketiwyg2hajk','',4,68,17,5,4,213,54,NULL),(438,'2020-06-18 22:45:58','bfly003pwc2w0rombhjz','',3,71,16,15,14,197,191,NULL),(439,'2020-06-18 22:45:58','rmxrgrhb110dudw4pngc','\0',2,41,2,9,12,12,92,NULL),(440,'2020-06-18 22:45:58','rjb0c7c05c95aual4726','\0',4,59,14,13,2,163,133,NULL),(441,'2020-06-18 22:45:58','if2upri6dkjoqk4kyaxy','',4,69,17,8,6,208,80,NULL),(442,'2020-06-18 22:45:58','ddqqntox4tlgzjw4grm3','\0',3,64,13,16,2,132,203,NULL),(443,'2020-06-18 22:45:58','4574wn1tkepoko0q4qe3','',3,41,13,13,9,137,154,NULL),(444,'2020-06-18 22:45:58','awvgry7thcqbhwd4qnup','\0',1,92,14,11,8,165,109,NULL),(445,'2020-06-18 22:45:58','m4g15clzxrhp2j3a17dq','\0',3,53,9,19,14,86,229,NULL),(446,'2020-06-18 22:45:58','8poy2dqqtt1b3jzdwiyd','',2,34,19,16,1,228,202,NULL),(447,'2020-06-18 22:45:58','9ep02idebwz17rvgfb8g','\0',2,75,1,15,1,5,186,NULL),(448,'2020-06-18 22:45:58','dck790lc9836vxx00392','',2,97,16,4,10,197,31,NULL),(449,'2020-06-18 22:45:58','te2ugxuldx32htwa80ot','\0',4,37,5,7,1,43,67,NULL),(450,'2020-06-18 22:45:58','5ga2e1m40vc5bjspxhhe','\0',1,12,13,9,14,138,93,NULL),(451,'2020-06-18 22:45:58','6ai5comqz5nni8vk5n0q','',4,82,18,21,15,216,244,NULL),(452,'2020-06-18 22:45:58','40110966eczxshhw6v44','\0',3,19,16,3,6,193,24,NULL),(453,'2020-06-18 22:45:58','b9ewejpdfbj487xyn6bm','\0',4,11,13,2,1,140,13,NULL),(454,'2020-06-18 22:45:58','hddgjpd80amsofikno0p','',4,16,24,2,5,262,9,NULL),(455,'2020-06-18 22:45:58','0vbtf1x6zd1l0u7ovivl','\0',2,54,13,22,6,156,247,NULL),(456,'2020-06-18 22:45:58','yw3ftai4x1l1phcfr7e9','',1,80,8,13,8,80,140,NULL),(457,'2020-06-18 22:45:58','58m870v0bmmlqsx7o4zm','\0',4,74,2,14,15,10,167,NULL),(458,'2020-06-18 22:45:58','awfl1xfgmijrapp9ul0p','\0',3,41,17,4,1,214,28,NULL),(459,'2020-06-18 22:45:58','zyix6s6ag0srffaarnyt','',1,97,16,15,14,201,179,NULL),(460,'2020-06-18 22:45:58','w2mr5diqexpq5ib8jx9d','',3,73,23,19,14,258,227,NULL),(461,'2020-06-18 22:45:58','n0r0gy8sy0lfimxhmso8','',4,68,1,10,8,6,104,NULL),(462,'2020-06-18 22:45:58','4kqsrua4ny6ytjmrbr1a','\0',4,64,10,20,15,95,238,NULL),(463,'2020-06-18 22:45:58','pekztykzi69fbcs97bmm','\0',3,25,12,13,11,128,137,NULL),(464,'2020-06-18 22:45:58','qa2eugforj1ke0f2l7dt','\0',4,30,11,5,9,113,46,NULL),(465,'2020-06-18 22:45:58','rz6541y24xxj4sp8uuk4','\0',3,18,16,13,12,199,156,NULL),(466,'2020-06-18 22:45:58','p3pxda5104oyoxr0v4m3','\0',3,41,5,20,1,52,237,NULL),(467,'2020-06-18 22:45:58','bw31r81r2mmredrkxj2f','',4,79,13,10,14,154,96,NULL),(468,'2020-06-18 22:45:58','6mo8tnx3ull9cg9uojie','\0',4,45,14,3,8,173,21,NULL),(469,'2020-06-18 22:45:58','pxu317jr2gcs752lvgdr','',2,37,10,12,12,98,123,NULL),(470,'2020-06-18 22:45:58','xj7nful539x7b1tbgu73','',4,18,12,24,15,128,261,NULL),(471,'2020-06-18 22:45:58','8fgtuxqk22uv9wpkictg','',3,24,14,14,13,166,168,NULL),(472,'2020-06-18 22:45:58','duxz1gv8le8bxa172mlb','',2,10,5,5,12,52,50,NULL),(473,'2020-06-18 22:45:58','h7gpqiqd659nocqf9r8k','\0',2,62,9,5,9,93,35,NULL),(474,'2020-06-18 22:45:58','g84grvh9jxitwq8npmoq','\0',4,95,9,10,12,87,99,NULL),(475,'2020-06-18 22:45:58','wn3w9bgxtc5d27u9q9ue','\0',4,79,4,16,7,34,202,NULL),(476,'2020-06-18 22:45:58','4jxrye9tmcno07vz4u5h','',4,15,5,17,5,51,211,NULL),(477,'2020-06-18 22:45:58','ozu7mwr7ppsjmlpkudey','',2,74,5,12,15,54,130,NULL),(478,'2020-06-18 22:45:58','2xie9seg6vkwtaladpqy','\0',4,78,8,4,5,83,31,NULL),(479,'2020-06-18 22:45:58','7lx47u7fnizupmx8ojcu','\0',4,63,10,11,1,96,113,NULL),(480,'2020-06-18 22:45:58','xhqrbfp2v2wyva69ht8t','',4,17,14,22,15,167,247,NULL),(481,'2020-06-18 22:45:58','k8bjaws1j0fii1votsld','',4,36,20,20,12,235,237,NULL),(482,'2020-06-18 22:45:58','lsb45ritn0l56j0v8wrr','',4,23,16,13,13,203,143,NULL),(483,'2020-06-18 22:45:58','cu3x7ib4ctyhtzc04cv1','',4,72,15,16,15,183,194,NULL),(484,'2020-06-18 22:45:58','yywysnnwcerxdpgmt8p8','\0',1,73,17,19,9,207,231,NULL),(485,'2020-06-18 22:45:58','me1foh4r54lq2j4c4r6w','\0',4,86,10,8,7,103,80,NULL),(486,'2020-06-18 22:45:58','4epr7ypzda37hjzu9vfj','\0',4,64,13,11,3,160,113,NULL),(487,'2020-06-18 22:45:58','eilinadmrlgi80lhnqgv','\0',4,19,15,12,5,178,120,NULL),(488,'2020-06-18 22:45:58','751ckuyldbhjuyw560ek','\0',4,84,11,13,5,108,151,NULL),(489,'2020-06-18 22:45:58','lg7txcfife1ifud1ll6q','',3,72,7,4,6,71,27,NULL),(490,'2020-06-18 22:45:58','4gzbp2mkk4ryvpe6opq4','\0',1,21,5,5,12,56,55,NULL),(491,'2020-06-18 22:45:58','6l5sjlijq8pvvo0qlgq0','\0',3,80,12,1,10,130,4,NULL),(492,'2020-06-18 22:45:58','i0qkytqb0bxkz8k2ugj3','',3,50,16,5,6,194,51,NULL),(493,'2020-06-18 22:45:58','5ux6d8jd9iui1zjo9yqe','',3,19,13,24,7,149,260,NULL),(494,'2020-06-18 22:45:58','rzcoor4wsihft829rbm0','\0',2,51,1,9,13,5,86,NULL),(495,'2020-06-18 22:45:58','r97zoy0myd6j5buoaf2s','',4,58,5,7,3,37,72,NULL),(496,'2020-06-18 22:45:58','ekdeg9cj7hg36qmjdbbe','',3,81,22,6,7,249,63,NULL),(497,'2020-06-18 22:45:58','b31lmugh1daybny3dvxs','\0',4,14,13,16,13,138,193,NULL),(498,'2020-06-18 22:45:58','9rzaxo8dnb6rpuywlbdb','',2,40,12,8,10,131,85,NULL),(499,'2020-06-18 22:45:58','rndtupf6fo9pa80jyndo','\0',4,98,5,14,4,58,167,NULL),(500,'2020-06-18 22:45:58','yvyq9dr829ml9j9fqkn4','\0',3,91,19,13,3,226,140,NULL),(501,'2020-06-18 22:45:58','1vjorsrfzro8vu7y1zh0','',2,82,10,19,14,102,229,NULL),(502,'2020-06-18 22:45:58','brge6h0i4rwa0l7hf91a','\0',2,18,12,16,9,128,193,NULL),(503,'2020-06-18 22:45:58','mflfvwfwkzqehw29b2gs','',3,95,3,14,15,23,172,NULL),(504,'2020-06-18 22:45:58','fgdpdnqynsvkrglch49c','\0',1,16,12,5,3,129,55,NULL),(505,'2020-06-18 22:45:58','59m27m5vq041qnzjrb6l','\0',1,91,2,15,7,14,184,NULL),(506,'2020-06-18 22:45:58','geikqi7xsgctcz6aiigz','\0',4,55,3,8,5,19,80,NULL),(507,'2020-06-18 22:45:58','1eo1l8ld2tz87knxrep0','',4,68,15,9,8,182,89,NULL),(508,'2020-06-18 22:45:58','23nwfp0tgyt53im8v92g','\0',4,13,18,11,9,224,106,NULL),(509,'2020-06-18 22:45:58','bggoqz6fuuah2kyfhv01','\0',3,35,4,11,6,27,106,NULL),(510,'2020-06-18 22:45:58','mj2rv0p980m8zcu8z5uh','',4,28,15,17,4,186,209,NULL),(511,'2020-06-18 22:45:58','4r5e3cjy4gc1q0nxjbyj','\0',3,46,8,4,15,79,33,NULL),(512,'2020-06-18 22:45:58','pitffe6drn43i333lqvo','\0',3,13,12,11,15,121,115,NULL),(513,'2020-06-18 22:45:58','zfk2bbsfj40rbrlaxa35','\0',3,43,13,7,3,138,68,NULL),(514,'2020-06-18 22:45:58','6q4feiqvfpjvyx89aymh','',4,14,10,4,1,94,30,NULL),(515,'2020-06-18 22:45:58','tnztcdpxux06eok537ca','\0',3,32,15,5,8,181,46,NULL),(516,'2020-06-18 22:45:58','btikvwo8qrcoqxg88v7z','\0',4,94,11,12,11,111,131,NULL),(517,'2020-06-18 22:45:58','xthh0h3wcrugsvobfcd8','',4,16,13,13,13,159,139,NULL),(518,'2020-06-18 22:45:58','8cfpxva1kcbrhr07v1de','\0',2,97,8,5,3,84,42,NULL),(519,'2020-06-18 22:45:58','zub3xxicarw1be9ontp8','\0',2,24,6,7,4,63,66,NULL),(520,'2020-06-18 22:45:58','vq86n1zi53ufln7z7f2u','\0',3,27,5,2,12,45,9,NULL),(521,'2020-06-18 22:45:58','gvxm493ch7ipzxm1k0kk','',1,40,14,5,2,175,41,NULL),(522,'2020-06-18 22:45:58','qjqklvfyjg75lm4qn0j7','',2,51,12,13,2,116,161,NULL),(523,'2020-06-18 22:45:58','jcidlmj2e5yf0tj2fdnf','\0',4,13,7,15,9,66,184,NULL),(524,'2020-06-18 22:45:58','5qtcg32285hi7hlc0cvb','\0',1,94,3,18,6,20,222,NULL),(525,'2020-06-18 22:45:58','vutiws2bnexvtnu38cv8','\0',4,46,2,17,1,12,213,NULL),(526,'2020-06-18 22:45:58','gzi4j8qiej9rchkdi690','\0',4,56,16,13,1,197,142,NULL),(527,'2020-06-18 22:45:58','3t3y7ao1f1ukskqscmtw','',4,14,13,10,1,159,103,NULL),(528,'2020-06-18 22:45:58','qwo6tcqsm34be2ra1c2x','\0',2,78,17,8,3,209,83,NULL),(529,'2020-06-18 22:45:58','5sq952g0eg8qoazygxvy','\0',2,49,13,12,4,138,130,NULL),(530,'2020-06-18 22:45:58','tn2phb9e64ngxs0umh8n','\0',4,53,12,14,3,118,168,NULL),(531,'2020-06-18 22:45:58','ow2a8wl0bpuu3yionsv0','',4,35,13,22,6,158,247,NULL),(532,'2020-06-18 22:45:58','77r768if016d4goq6x5v','\0',4,80,13,6,15,150,63,NULL),(533,'2020-06-18 22:45:58','qutb1ml0z29mp0llr4n1','',3,22,12,14,13,131,169,NULL),(534,'2020-06-18 22:45:58','xrd7ez73i9fqy4hwnezs','\0',3,83,14,16,1,170,202,NULL),(535,'2020-06-18 22:45:58','5q2n4mrvcidsh649q1bx','',4,93,8,7,12,85,77,NULL),(536,'2020-06-18 22:45:58','coh9zutxw47x5fhizbaa','\0',1,67,1,15,14,7,181,NULL),(537,'2020-06-18 22:45:58','zswuw16p4xrnml46l3hk','\0',3,83,2,6,15,14,62,NULL),(538,'2020-06-18 22:45:58','6zwxa3fosfhyrfmufrmz','\0',3,41,21,18,12,246,220,NULL),(539,'2020-06-18 22:45:58','lfxd43pfpdmvrs43dzi4','',2,98,13,16,11,132,200,NULL),(540,'2020-06-18 22:45:58','q957x9giq7xww7o2jne8','',4,33,19,1,12,233,5,NULL),(541,'2020-06-18 22:45:58','qlgq22s8p8112gi0wua5','',3,92,23,7,12,257,68,NULL),(542,'2020-06-18 22:45:58','qsk4d869vg3cu3cma5fr','\0',2,77,7,5,3,76,36,NULL),(543,'2020-06-18 22:45:58','l3p2lp94epmn6rwwb0dh','\0',3,34,7,22,4,65,254,NULL),(544,'2020-06-18 22:45:58','aliywkzr1928slvag7iy','\0',4,79,5,15,10,42,186,NULL),(545,'2020-06-18 22:45:58','jzvib3tvra8gn3wy3qqo','',4,99,16,13,2,196,132,NULL),(546,'2020-06-18 22:45:58','ju9doq7do45yppm679nq','',3,98,24,2,13,264,10,NULL),(547,'2020-06-18 22:45:58','l763b0xxrjv0mj2m8kqt','\0',4,15,11,17,8,107,213,NULL),(548,'2020-06-18 22:45:58','vpn348gx3hlsmitb462p','\0',2,34,2,5,8,10,53,NULL),(549,'2020-06-18 22:45:58','sig7z8sxcuah1v1arwd8','',1,24,10,15,14,104,186,NULL),(550,'2020-06-18 22:45:58','acxnuhs8jtlfh0nn5b3z','',2,25,20,4,13,236,30,NULL),(551,'2020-06-18 22:45:58','24zpfd4sx4f6biz5sgso','\0',3,55,13,1,2,140,1,NULL),(552,'2020-06-18 22:45:58','z83rmvua6fick44k2lgm','\0',1,30,1,13,11,8,139,NULL),(553,'2020-06-18 22:45:58','zelnetgrqvbld99br4qx','\0',3,81,11,12,7,106,127,NULL),(554,'2020-06-18 22:45:58','z0r8dyg5zxz0s0u9ga2b','',3,80,13,22,15,133,250,NULL),(555,'2020-06-18 22:45:58','f9ew4qp1u2r6vv1atwg3','\0',4,13,13,14,3,141,163,NULL),(556,'2020-06-18 22:45:58','ivu40r1jbckxbl6p1b61','\0',3,46,14,9,11,166,87,NULL),(557,'2020-06-18 22:45:58','76pgkx9l6c2cwxh1xsjd','',4,85,15,18,15,189,223,NULL),(558,'2020-06-18 22:45:58','ac0irolgfqib12g4wb6b','\0',3,40,12,10,8,129,102,NULL),(559,'2020-06-18 22:45:58','01e6bzwlg2hmojc6dk8y','\0',4,47,3,13,2,21,160,NULL),(560,'2020-06-18 22:45:58','3svlyhwapx5undi4uigd','\0',4,79,13,3,7,156,15,NULL),(561,'2020-06-18 22:45:58','9oipp1woirdy3hsfgjd2','\0',3,65,5,13,14,35,138,NULL),(562,'2020-06-18 22:45:58','eanyg11b5x3c1l125wjn','\0',1,10,13,10,12,157,94,NULL),(563,'2020-06-18 22:45:58','67zxuay7peekdso921xv','\0',4,72,19,24,3,229,263,NULL),(564,'2020-06-18 22:45:58','0l13jkkkjg4hpvabk4lb','\0',2,19,12,18,8,122,220,NULL),(565,'2020-06-18 22:45:58','qsn2sw23u3n6s8pzabro','',2,95,12,15,3,119,179,NULL),(566,'2020-06-18 22:45:58','bm5h7vxshga6ebooqn3n','\0',4,31,14,12,12,163,119,NULL),(567,'2020-06-18 22:45:58','sh4a74v1q8gmhkau8fof','',3,10,4,10,15,26,101,NULL),(568,'2020-06-18 22:45:58','b64orhrwg0m6lwmityc7','\0',2,41,3,10,5,16,105,NULL),(569,'2020-06-18 22:45:58','u5tc9p5tg0for2smiix7','\0',4,69,5,6,13,35,63,NULL),(570,'2020-06-18 22:45:58','hz4flhrqaqv6xxpvv547','',2,66,16,15,7,200,181,NULL),(571,'2020-06-18 22:45:58','y4ue5k8q12b9f35v6y6m','',3,47,19,10,15,231,97,NULL),(572,'2020-06-18 22:45:58','es8ga94zw3fatd0d0op7','',3,52,14,14,6,172,170,NULL),(573,'2020-06-18 22:45:58','mc7jpc3tq50hnnw32buj','',3,23,4,15,13,28,187,NULL),(574,'2020-06-18 22:45:58','5f1u3ee19gobt4p7eisg','',2,99,19,6,3,232,63,NULL),(575,'2020-06-18 22:45:58','2ixzc2285yhoahp3t5zi','',1,16,19,17,7,234,213,NULL),(576,'2020-06-18 22:45:58','wdu9fn2d0a4ir07a62xf','\0',4,94,10,14,11,105,175,NULL),(577,'2020-06-18 22:45:58','ne88f7vpqpvr3s2mn9xz','\0',4,34,9,22,6,92,249,NULL),(578,'2020-06-18 22:45:58','0ge47589ff9tua5kmkv8','\0',4,82,7,1,12,72,2,NULL),(579,'2020-06-18 22:45:58','x81p7s3y91uf870hyb24','\0',3,29,22,23,10,248,258,NULL),(580,'2020-06-18 22:45:58','wt0787mk7pvr7njyjnvu','',2,57,24,11,15,262,107,NULL),(581,'2020-06-18 22:45:58','310rht011z1zphpyioci','\0',2,63,15,18,9,191,221,NULL),(582,'2020-06-18 22:45:58','n1y0hahmlklt4vtefo4u','',4,53,5,10,15,48,94,NULL),(583,'2020-06-18 22:45:58','o7yk3tkgk3fgyyg9umfb','\0',2,40,20,5,9,237,53,NULL),(584,'2020-06-18 22:45:58','npo2ufawox3ud0nyukdh','',1,93,12,20,15,118,241,NULL),(585,'2020-06-18 22:45:58','a3fxtwswogpm71ww5hs9','',3,74,9,2,10,91,14,NULL),(586,'2020-06-18 22:45:58','n2wzltzer564ghp2jftx','\0',4,51,6,15,2,62,183,NULL),(587,'2020-06-18 22:45:58','ctsqjikyqab00p5x4ghy','',4,69,19,4,9,228,32,NULL),(588,'2020-06-18 22:45:58','oca96yjrvw765wfq2nvx','',3,65,18,18,13,222,224,NULL),(589,'2020-06-18 22:45:58','j7zkx7v9w02natt3abqv','\0',4,36,23,10,3,255,100,NULL),(590,'2020-06-18 22:45:58','ply39a5wpi5zdytcpqi8','',3,20,4,15,6,27,184,NULL),(591,'2020-06-18 22:45:58','fdewyuglfdr9e4v5q0n5','',4,33,15,13,9,192,142,NULL),(592,'2020-06-18 22:45:58','8fy09oy3cz3n8v2l3q0v','\0',4,85,15,3,5,185,16,NULL),(593,'2020-06-18 22:45:58','sfc83rzgilvn40tckapf','\0',3,78,13,5,3,146,45,NULL),(594,'2020-06-18 22:45:58','r9j2u9653c1vx51r0514','\0',2,14,11,14,12,114,165,NULL),(595,'2020-06-18 22:45:58','doq9g6s4ud8h7hcglme2','',4,44,2,13,8,13,144,NULL),(596,'2020-06-18 22:45:58','57kdpxztfj8l88zz472b','',3,85,13,1,7,146,6,NULL),(597,'2020-06-18 22:45:58','vm6ufzq7gobwwkesgbxj','\0',1,50,13,6,11,150,59,NULL),(598,'2020-06-18 22:45:58','lc1d8pj5t2ywgco57j8h','',3,92,12,18,10,117,220,NULL),(599,'2020-06-18 22:45:58','w4kwy72z1va0dw5bxx4u','\0',1,34,3,18,13,22,217,NULL),(600,'2020-06-18 22:45:58','ra2tx9xl7mxhe77oq5vy','',3,45,10,18,6,102,223,NULL),(601,'2020-06-18 22:45:58','ze295b293yoplxym793y','',4,99,3,6,12,22,64,NULL),(602,'2020-06-18 22:45:58','yikmp89931fcahi038k5','',3,30,13,7,6,134,67,NULL),(603,'2020-06-18 22:45:58','nywnpxih3t5jjgn19hc6','\0',4,21,13,16,3,158,204,NULL),(604,'2020-06-18 22:45:58','p14mwd6l3def3o1y7y6a','\0',4,78,8,19,8,78,231,NULL),(605,'2020-06-18 22:45:58','k2al42buxevnk3lfafcn','\0',4,85,10,11,10,99,112,NULL),(606,'2020-06-18 22:45:58','vc4g4g5bjsfjhoyhbf1j','',2,22,1,15,11,8,191,NULL),(607,'2020-06-18 22:45:58','e0xnq1tv0i4ss0llpzyi','',4,76,21,17,15,243,205,NULL),(608,'2020-06-18 22:45:58','iajujsjzp51bhsqf3d1k','\0',3,32,9,9,4,87,93,NULL),(609,'2020-06-18 22:45:58','r2hrhpalt96ozr28iy12','',2,67,5,4,1,39,26,NULL),(610,'2020-06-18 22:45:58','68ijzpxcv4ta48ek7qb9','\0',1,89,20,3,8,238,22,NULL),(611,'2020-06-18 22:45:58','zc7qpw363oa9egcwdljp','',1,70,10,8,13,98,85,NULL),(612,'2020-06-18 22:45:58','w2lnsennu61bn3qqraue','',2,35,16,5,12,202,36,NULL),(613,'2020-06-18 22:45:58','6mj250uo7bjs1z56uowx','\0',3,95,13,12,15,156,122,NULL),(614,'2020-06-18 22:45:58','5v39rfvequ0uzeidaccv','\0',4,53,17,13,3,209,157,NULL),(615,'2020-06-18 22:45:58','9c80wql2b5m42k0zgs39','',1,81,22,2,6,254,12,NULL),(616,'2020-06-18 22:45:58','3ve8qrwpqkrqsgh4869e','',1,65,5,3,5,48,23,NULL),(617,'2020-06-18 22:45:58','o8egqo1hvu3tobxin8qr','\0',2,94,12,12,7,128,124,NULL),(618,'2020-06-18 22:45:58','bdb95gzxouiw1jrezb2w','',3,81,17,4,4,213,33,NULL),(619,'2020-06-18 22:45:58','slphmx0ycjaymwaoqgv2','',2,13,24,12,5,263,126,NULL),(620,'2020-06-18 22:45:58','304xp2w57kxnq6w6etcz','',2,33,5,18,1,37,215,NULL),(621,'2020-06-18 22:45:58','1l9u8nlb39ve2zq8clol','',4,57,19,15,7,229,187,NULL),(622,'2020-06-18 22:45:58','x6lmp86cmclq470ntj89','\0',4,55,4,10,2,27,105,NULL),(623,'2020-06-18 22:45:58','wac3dldt1h41db3tz7pe','\0',1,64,13,13,2,148,143,NULL),(624,'2020-06-18 22:45:58','kh1y4spl2mq3qnjx2uai','',4,77,1,15,11,8,184,NULL),(625,'2020-06-18 22:45:58','djeep75nsqy466zrcg82','',4,41,3,7,10,16,70,NULL),(626,'2020-06-18 22:45:58','9hbz3se0dbmxtcl6r0jo','\0',2,64,14,1,8,176,5,NULL),(627,'2020-06-18 22:45:58','ubri991y8stxai423qy4','',2,88,10,13,4,96,140,NULL),(628,'2020-06-18 22:45:58','qi1z4olpturk40j5ray9','\0',3,80,3,13,11,23,140,NULL),(629,'2020-06-18 22:45:58','e8k4qm4d5hboqem7iuxh','\0',3,14,11,5,14,107,45,NULL),(630,'2020-06-18 22:45:58','vanqp0l2q6eofk0gp7y3','',1,84,13,14,1,137,172,NULL),(631,'2020-06-18 22:45:58','si0goeg0eba65h0xw5c9','\0',3,11,11,5,11,111,52,NULL),(632,'2020-06-18 22:45:58','p07oa22yooo1p4pwo9zl','',4,59,13,22,1,132,250,NULL),(633,'2020-06-18 22:45:58','tdb8yrdbk6qlbowuyjfy','\0',3,91,22,11,4,248,115,NULL),(634,'2020-06-18 22:45:58','obazwtlvbg0di45ijkzr','\0',3,84,16,11,1,204,108,NULL),(635,'2020-06-18 22:45:58','hy6hrpbxd2dznfk1nrt1','',3,75,23,11,4,255,106,NULL),(636,'2020-06-18 22:45:58','3s83p9dbx22nqhdo77tq','\0',3,31,20,13,14,235,138,NULL),(637,'2020-06-18 22:45:58','az0muvllizm9afoslhmi','',2,92,23,3,5,255,17,NULL),(638,'2020-06-18 22:45:58','gciwl86tdea99h6n54f1','',3,97,15,16,10,187,193,NULL),(639,'2020-06-18 22:45:58','qbwcvb3n325qmzgnmt0f','',3,96,11,16,11,107,204,NULL),(640,'2020-06-18 22:45:58','awz4wafdky97l0t9mm4s','',4,51,21,4,5,242,26,NULL),(641,'2020-06-18 22:45:58','8efom763iqhs8cg23quk','\0',1,24,14,10,11,171,101,NULL),(642,'2020-06-18 22:45:58','x6v2sqzlhsy9d83xf4yo','',3,26,14,13,15,173,152,NULL),(643,'2020-06-18 22:45:58','ht5vhg16h1u81b0g9guv','\0',3,55,14,12,10,164,117,NULL),(644,'2020-06-18 22:45:58','ind99rcp9xc530vqb9ec','',4,21,10,19,2,95,231,NULL),(645,'2020-06-18 22:45:58','5kgxnd04xxpysw0jh4c8','',4,39,24,21,5,260,244,NULL),(646,'2020-06-18 22:45:58','ujeq0so3qm4d5htec44p','',3,78,5,15,11,35,179,NULL),(647,'2020-06-18 22:45:58','wu1kix4dxyhq9uh7zatx','',2,48,18,15,3,219,184,NULL),(648,'2020-06-18 22:45:58','a913qk8utolw34epo6kx','\0',3,34,15,2,4,179,12,NULL),(649,'2020-06-18 22:45:58','p0zb53qk9jv6zpnifjf4','\0',4,17,7,24,3,72,262,NULL),(650,'2020-06-18 22:45:58','fwxapah2pddj726pk660','',4,53,13,16,5,138,198,NULL),(651,'2020-06-18 22:45:58','e3jzvb1dpnlvyjefdedj','',1,49,10,4,13,96,26,NULL),(652,'2020-06-18 22:45:58','wchlztclkhzpdsqd9o9r','',3,72,23,12,13,256,129,NULL),(653,'2020-06-18 22:45:58','2wlqkzf0d5b3gkfxsqdf','\0',4,78,5,13,10,58,154,NULL),(654,'2020-06-18 22:45:58','hvssy0byh72tlg1jh7on','\0',2,90,5,19,9,56,230,NULL),(655,'2020-06-18 22:45:58','ewsahlv1ivn1s05r4gg9','',3,99,16,11,10,200,115,NULL),(656,'2020-06-18 22:45:58','mz4k7e92h5esbi2ops1q','',4,67,9,14,5,87,176,NULL),(657,'2020-06-18 22:45:58','02dlzuffrfnez48vlnt2','\0',2,19,1,18,13,2,223,NULL),(658,'2020-06-18 22:45:58','z427b90vy3eetzorjspt','\0',3,46,24,15,15,262,187,NULL),(659,'2020-06-18 22:45:58','8kpp6nzflxjieiifpvyt','\0',4,50,19,15,11,230,185,NULL),(660,'2020-06-18 22:45:58','wtf34wwdw8pgb5qm36tg','',2,71,15,20,1,177,240,NULL),(661,'2020-06-18 22:45:58','g6fqud1p8klj1ui4rysx','',3,69,7,18,14,67,218,NULL),(662,'2020-06-18 22:45:58','1bt58uugchb4b2eoqda4','\0',2,28,9,3,2,93,17,NULL),(663,'2020-06-18 22:45:58','tbx0p4q4tbgvimb227aa','',3,94,12,12,12,123,119,NULL),(664,'2020-06-18 22:45:58','1dfitoz0odn3nuzeh45o','',3,85,8,15,5,82,179,NULL),(665,'2020-06-18 22:45:58','cyva6t7tj0kpfxttqfxa','\0',3,76,22,20,12,254,237,NULL),(666,'2020-06-18 22:45:58','oc40kzt5xag7t5bsyw9g','',3,74,5,13,1,43,143,NULL),(667,'2020-06-18 22:45:58','eic3huq6s5dsell2e3c2','\0',2,45,21,13,6,245,133,NULL),(668,'2020-06-18 22:45:58','tt92iyt1wmkmqq34k3w5','',1,73,5,6,14,40,62,NULL),(669,'2020-06-18 22:45:58','xidgnjpjtsh1kcew7kd2','\0',3,36,7,24,14,65,262,NULL),(670,'2020-06-18 22:45:58','vrtjtojmzchcqsnepi9u','',2,30,13,3,6,144,18,NULL),(671,'2020-06-18 22:45:58','2ecr5pn6c16brqrvlgfn','\0',3,30,17,6,11,211,61,NULL),(672,'2020-06-18 22:45:58','ekw8ynxft9lknhwwsrzw','\0',4,47,21,19,12,246,227,NULL),(673,'2020-06-18 22:45:58','171a96rb1h83gmozqfvd','',1,94,13,10,9,134,101,NULL),(674,'2020-06-18 22:45:58','4i35a301x3g8w9m1i7y5','',3,46,18,17,13,222,207,NULL),(675,'2020-06-18 22:45:58','q1u6iyxmjnbz0oicephu','',3,94,18,14,3,219,171,NULL),(676,'2020-06-18 22:45:58','yuxfqcd3f2z9imom0q8a','',4,47,11,16,12,114,196,NULL),(677,'2020-06-18 22:45:58','7gfe01uedr6wmkcctckd','',4,89,16,4,15,202,28,NULL),(678,'2020-06-18 22:45:58','0dmfnlmcl8nsnunj6zu4','',1,77,12,12,8,122,118,NULL),(679,'2020-06-18 22:45:58','uqhppqounhpi67plvrf8','',4,45,24,11,4,263,112,NULL),(680,'2020-06-18 22:45:58','uv9fb5ptt9sbg8talsif','',4,50,4,10,5,28,104,NULL),(681,'2020-06-18 22:45:58','2sy36ebr99mw1w2klko7','\0',2,89,13,20,1,145,237,NULL),(682,'2020-06-18 22:45:58','6lunlb78fqw3upxe0vo5','',2,94,13,13,6,143,150,NULL),(683,'2020-06-18 22:45:58','mgl44ujzys3ffv3e8xkj','',3,21,5,12,6,51,121,NULL),(684,'2020-06-18 22:45:58','x0o522rgoqw88g7wndf4','\0',4,22,16,13,6,197,147,NULL),(685,'2020-06-18 22:45:58','arasyuc03u5khz5ig9it','\0',4,79,21,5,12,246,35,NULL),(686,'2020-06-18 22:45:58','nqf5kryhtvg498wirea1','',4,38,6,16,15,62,200,NULL),(687,'2020-06-18 22:45:58','euuk934x1vm61sg24vry','',4,42,10,2,14,100,11,NULL),(688,'2020-06-18 22:45:58','nfzx8d14zbf69krd5r3k','\0',2,51,20,16,14,241,198,NULL),(689,'2020-06-18 22:45:58','ybwmz43ygvy4l2qjenif','\0',4,27,18,5,11,221,50,NULL),(690,'2020-06-18 22:45:58','rr2lylpfvolu2e69jr3y','\0',2,56,3,13,2,23,151,NULL),(691,'2020-06-18 22:45:58','yvghbvo54mpaaycyp4xh','',4,34,17,13,1,210,147,NULL),(692,'2020-06-18 22:45:58','ee775k2boax0vxc13rgz','',2,16,13,15,5,157,189,NULL),(693,'2020-06-18 22:45:58','f45azsoanzgbmiqstotl','',4,13,2,6,13,12,62,NULL),(694,'2020-06-18 22:45:58','74iqu9r2fenmaos4dpn9','\0',4,48,12,13,1,119,159,NULL),(695,'2020-06-18 22:45:58','387qp3gwhkv0vljoyib3','',4,16,23,17,14,257,210,NULL),(696,'2020-06-18 22:45:58','azm6qmbbfayp91ay68v3','',4,31,16,24,13,194,262,NULL),(697,'2020-06-18 22:45:58','hvb2zoadx16c3w11owcb','',4,35,12,11,5,130,111,NULL),(698,'2020-06-18 22:45:58','hzunzi36d1lo7xrzkim5','\0',3,94,1,6,9,6,59,NULL),(699,'2020-06-18 22:45:58','44r9os5b56k6pm5prf19','\0',4,36,13,21,14,147,244,NULL),(700,'2020-06-18 22:45:58','ajqeueacw8k8i9r9j4o8','',4,46,13,5,10,154,39,NULL),(701,'2020-06-18 22:45:58','tstt8afrp8hp613kgnyo','\0',2,20,21,16,7,244,199,NULL),(702,'2020-06-18 22:45:58','qjfcx96utmutjwfwhs35','',2,62,2,10,10,14,94,NULL),(703,'2020-06-18 22:45:58','dbfvp5qkdc1n38yfxgwr','\0',3,20,13,8,14,135,78,NULL),(704,'2020-06-18 22:45:58','jo4xu4asnjv9smp79zbb','',3,92,5,16,11,47,199,NULL),(705,'2020-06-18 22:45:58','74pesee9p1yo8aeaw7ha','',1,62,5,13,8,40,139,NULL),(706,'2020-06-18 22:45:58','8vi590z4mp3k0wjknxld','',4,79,10,14,14,102,163,NULL),(707,'2020-06-18 22:45:58','uaatxvjqx94z9y7q9x77','',4,83,13,5,9,154,40,NULL),(708,'2020-06-18 22:45:58','9pk2po2khcb3q7635d7y','',4,81,9,19,4,87,233,NULL),(709,'2020-06-18 22:45:58','268nnnuxmf62cg2qjb17','',2,26,16,17,14,198,209,NULL),(710,'2020-06-18 22:45:58','ljvb0ixund1gkgtnkagm','',3,17,5,22,12,36,247,NULL),(711,'2020-06-18 22:45:58','7s07ld9nl680uisyn3i2','',2,46,16,12,9,198,130,NULL),(712,'2020-06-18 22:45:58','h1enbobjqzefa33c1487','\0',3,17,23,19,12,259,229,NULL),(713,'2020-06-18 22:45:58','m267p1c44z0nf0m1s701','\0',1,56,21,7,3,243,65,NULL),(714,'2020-06-18 22:45:58','06ezx4oftims2spmco3b','\0',1,63,4,24,7,34,263,NULL),(715,'2020-06-18 22:45:58','w5ofmb5v2lsevrz1nkj8','\0',3,32,4,4,8,30,31,NULL),(716,'2020-06-18 22:45:58','40m5bt9aighw50gidkho','',1,15,12,6,10,120,63,NULL),(717,'2020-06-18 22:45:58','97kkdlximgpb0lgldb1j','',2,80,15,22,14,188,248,NULL),(718,'2020-06-18 22:45:58','e4n0kd9dwp4anc93wfvk','',1,32,3,20,6,18,241,NULL),(719,'2020-06-18 22:45:58','vp2uhd3inofcvlw24ux8','\0',2,45,13,2,9,150,13,NULL),(720,'2020-06-18 22:45:58','7jqxtyiwleds40di9f77','',1,37,13,7,13,158,65,NULL),(721,'2020-06-18 22:45:58','iucj05vuxmr3uswhkecf','',4,99,12,13,14,127,133,NULL),(722,'2020-06-18 22:45:58','lupdgbzvr23y6gvt40di','\0',4,98,19,10,3,230,100,NULL),(723,'2020-06-18 22:45:58','f046b5ttc288jpvx9p7p','',3,90,1,4,14,4,30,NULL),(724,'2020-06-18 22:45:58','0ukdqyqeqkrbx7mvwkjr','',2,29,11,20,5,114,237,NULL),(725,'2020-06-18 22:45:58','01s6w4bw8z8do4h3zjbg','',3,67,22,12,8,248,117,NULL),(726,'2020-06-18 22:45:58','hkjcda5r320259ju6dlm','',3,69,22,5,9,252,57,NULL),(727,'2020-06-18 22:45:58','99xrtxsar5l9rkn7tr3c','',4,39,6,5,5,62,56,NULL),(728,'2020-06-18 22:45:58','u0jptlbntdqjvn1fn4uf','',4,97,5,13,9,58,144,NULL),(729,'2020-06-18 22:45:58','rav5b201tzybkz1pvv5d','',1,15,5,3,6,40,15,NULL),(730,'2020-06-18 22:45:58','w6ebsznfw8gu87hrycdg','',3,15,12,13,1,120,142,NULL),(731,'2020-06-18 22:45:58','xu77vw7lnxv5c5eibalu','',4,69,10,15,6,103,185,NULL),(732,'2020-06-18 22:45:58','i2noif0rs1xlbpd3rs8z','',3,66,16,12,9,197,121,NULL),(733,'2020-06-18 22:45:58','a1cvowuukspbpezqg7o5','',3,76,13,15,6,132,181,NULL),(734,'2020-06-18 22:45:58','cfjpwz8ivrjgtvnrqm1z','',1,44,7,5,1,68,43,NULL),(735,'2020-06-18 22:45:58','4y7uo5jry2oei3b7fv3n','',4,91,15,19,11,178,234,NULL),(736,'2020-06-18 22:45:58','0mpsf8iq82onjdns0q25','\0',4,72,15,12,11,190,126,NULL),(737,'2020-06-18 22:45:58','91s8y2xqem803hjhx97z','\0',1,86,21,7,3,244,77,NULL),(738,'2020-06-18 22:45:58','orqk5apx8q6yzs0c3f9y','',4,56,4,9,4,33,89,NULL),(739,'2020-06-18 22:45:58','926ohebd4phf9azgoai9','',3,60,17,3,5,213,18,NULL),(740,'2020-06-18 22:45:58','2kyvrfj1hobjt8lwmkkm','\0',4,43,5,16,6,56,195,NULL),(741,'2020-06-18 22:45:58','casy4vimrm1ztbupvyx2','\0',3,19,6,5,5,60,41,NULL),(742,'2020-06-18 22:45:58','vwuf8afqscwd9zse3si5','\0',2,29,22,10,7,254,102,NULL),(743,'2020-06-18 22:45:58','63qmjywe2ribjlp54rt7','',3,82,18,23,14,224,258,NULL),(744,'2020-06-18 22:45:58','3ggrdprgsbeoldjte6om','\0',3,51,5,23,14,40,259,NULL),(745,'2020-06-18 22:45:58','hc08ecelsyg438gvsext','\0',3,30,15,14,2,181,172,NULL),(746,'2020-06-18 22:45:58','jdg69wglkj10nkxx2na2','\0',2,25,24,5,3,260,58,NULL),(747,'2020-06-18 22:45:58','swig8tlnpa553443v92x','\0',4,67,2,12,14,14,131,NULL),(748,'2020-06-18 22:45:58','pvf92ey6uvhsh3xbawc5','',4,52,1,11,4,7,112,NULL),(749,'2020-06-18 22:45:58','j00quie2gx7mxkr5rs81','\0',3,67,3,15,7,16,189,NULL),(750,'2020-06-18 22:45:58','2bzax7h758597t36o2eo','',4,64,15,12,5,183,125,NULL),(751,'2020-06-18 22:45:58','vg8oppxcrzbzn4abbycl','',3,63,16,21,4,200,246,NULL),(752,'2020-06-18 22:45:58','1yph1d72ay0aq359zg9g','\0',4,91,5,24,14,37,261,NULL),(753,'2020-06-18 22:45:58','x8tku4lm6g5rgm2wumur','',4,97,23,23,10,257,258,NULL),(754,'2020-06-18 22:45:58','qdsb9v8hz1zhqlcbqqew','',2,96,7,9,6,72,88,NULL),(755,'2020-06-18 22:45:58','c36on2ezkgzs1k7ufmh4','\0',4,49,13,3,13,143,19,NULL),(756,'2020-06-18 22:45:58','zsvq063jgp8ao3yeg71t','',4,80,5,1,1,51,7,NULL),(757,'2020-06-18 22:45:58','r6789vr45w9h4bgwg1k2','\0',4,58,19,14,8,225,164,NULL),(758,'2020-06-18 22:45:58','j3fh5l5pkra2m9jph8o6','\0',2,39,12,1,7,130,6,NULL),(759,'2020-06-18 22:45:58','0hdqjo49qfcmsp49rlxr','',1,99,9,5,11,92,56,NULL),(760,'2020-06-18 22:45:58','jbwmr46kh857z29ngbyo','\0',3,95,6,4,1,59,31,NULL),(761,'2020-06-18 22:45:58','ja67ztgjgledigflsyrf','\0',1,47,18,9,12,220,91,NULL),(762,'2020-06-18 22:45:58','5bmseufw2u1nkva47ofa','\0',4,38,16,16,11,201,194,NULL),(763,'2020-06-18 22:45:58','z5bu4uvtazs22f35x4zu','\0',2,65,12,17,4,117,206,NULL),(764,'2020-06-18 22:45:58','e8mx7w7ift0htqgj0blu','',4,85,10,3,1,99,24,NULL),(765,'2020-06-18 22:45:58','o5bc0if34k46gvd6fwv3','\0',3,29,22,5,5,251,35,NULL),(766,'2020-06-18 22:45:58','dku7new0uzj43gnq0xoo','',2,61,14,1,5,167,1,NULL),(767,'2020-06-18 22:45:58','zkiapjqt58os9y4xvokj','',4,72,24,16,9,262,201,NULL),(768,'2020-06-18 22:45:58','zdl8p88wmksscbs1nhyf','',3,91,7,7,14,68,72,NULL),(769,'2020-06-18 22:45:58','juyv6kmgp5x6zl6fjqnr','',4,67,15,13,8,191,161,NULL),(770,'2020-06-18 22:45:58','8k18mw01cmqho53b55ia','',4,34,7,7,11,71,69,NULL),(771,'2020-06-18 22:45:58','3jlpo0k435jrz3yjhdiw','',4,90,15,16,1,178,200,NULL),(772,'2020-06-18 22:45:58','h8xkklox92kh4q1x3tu0','\0',1,93,14,1,9,166,6,NULL),(773,'2020-06-18 22:45:58','nvpp4qbs5ortqt78tdua','',2,72,3,5,5,21,41,NULL),(774,'2020-06-18 22:45:58','0d2evna5hqyym6ngh1i1','\0',4,98,10,11,5,101,113,NULL),(775,'2020-06-18 22:45:58','krzp6h8jrhx077s26a2u','\0',1,66,17,17,14,210,214,NULL),(776,'2020-06-18 22:45:58','a23si6tkqfsnm0aa5rfv','',2,14,12,16,6,128,203,NULL),(777,'2020-06-18 22:45:58','02kx8qjkp5jbmtvz2v04','',1,99,14,15,9,175,189,NULL),(778,'2020-06-18 22:45:58','skpw9sss39z85oluypef','',1,78,16,14,10,200,176,NULL),(779,'2020-06-18 22:45:58','ebr7zh9t7ehru231mfmz','',1,74,10,10,5,103,101,NULL),(780,'2020-06-18 22:45:58','q1u8yqmchjxawt39iako','\0',2,26,5,4,14,42,32,NULL),(781,'2020-06-18 22:45:58','kq473ca1lvwk9mnwe0an','',3,70,19,13,7,226,138,NULL),(782,'2020-06-18 22:45:58','nq3jgjdpf1zm3184ksb9','',2,29,3,3,6,20,22,NULL),(783,'2020-06-18 22:45:58','ss4qmm4lmj7u76y2i6mz','',1,14,4,7,14,26,65,NULL),(784,'2020-06-18 22:45:58','n8408l16k9shpdq8dn9y','\0',1,78,12,3,7,116,24,NULL),(785,'2020-06-18 22:45:58','mwy0kenuei9y0r1z4y6m','',4,32,11,17,13,115,212,NULL),(786,'2020-06-18 22:45:58','9kq7p606uoqiuhcugjnd','\0',4,75,12,23,11,125,259,NULL),(787,'2020-06-18 22:45:58','uw68vy4iti3r33supjub','\0',4,31,2,16,11,12,204,NULL),(788,'2020-06-18 22:45:58','ypg2naz5o68mu5plqx2n','',3,31,13,10,6,148,104,NULL),(789,'2020-06-18 22:45:58','0fm6uoryw67kdrism88v','',3,41,20,18,1,237,220,NULL),(790,'2020-06-18 22:45:58','tymutja42cjshzbei79i','\0',3,40,19,15,11,232,179,NULL),(791,'2020-06-18 22:45:58','sxilljouzqxnhjx4b17q','\0',4,98,5,5,3,43,48,NULL),(792,'2020-06-18 22:45:58','2ghhb5te9xccby25s00g','',1,89,15,7,6,182,76,NULL),(793,'2020-06-18 22:45:58','8ohfb5atp8enhg9p1gnd','',4,23,2,12,9,12,122,NULL),(794,'2020-06-18 22:45:58','vvv2nmp4qkoywyoto00w','',3,61,13,16,7,144,200,NULL),(795,'2020-06-18 22:45:58','dmbto1vgymjs4nzxdwfg','\0',4,30,7,22,11,69,250,NULL),(796,'2020-06-18 22:45:58','sjw7idcuwv87ksq4b3qt','\0',2,60,22,17,14,254,210,NULL),(797,'2020-06-18 22:45:58','mskabfi3b885wsqrppz0','\0',2,58,18,14,9,223,166,NULL),(798,'2020-06-18 22:45:58','507ap2khgfz6a33p8dvb','\0',3,32,9,3,9,91,20,NULL),(799,'2020-06-18 22:45:58','pc5gwtkt0dmgmlxfx1bu','\0',2,84,3,19,1,17,234,NULL),(800,'2020-06-18 22:45:58','exzhkghluo3k3r400m54','',2,75,7,23,7,69,255,NULL),(801,'2020-06-18 22:45:58','6g6zq6o851riziv7wt7m','',4,96,5,13,10,41,155,NULL),(802,'2020-06-18 22:45:58','evos0a7sag79ro39eneo','\0',1,20,14,5,10,165,50,NULL),(803,'2020-06-18 22:45:58','knk6rgkvtf5nhi0rnfzl','\0',3,72,22,21,15,253,243,NULL),(804,'2020-06-18 22:45:58','id6isr688yegbcfbxk2t','',2,11,2,7,7,9,72,NULL),(805,'2020-06-18 22:45:58','tixarvghpokjejavl8q6','',2,12,4,4,13,30,33,NULL),(806,'2020-06-18 22:45:58','b83h40buk2y3ij81guej','\0',3,81,10,12,3,104,123,NULL),(807,'2020-06-18 22:45:58','gpyetuacj2sjs36p4qw1','',4,37,10,19,3,98,230,NULL),(808,'2020-06-18 22:45:58','8lj1w982uhcwoeb7uptj','\0',2,29,10,5,13,96,52,NULL),(809,'2020-06-18 22:45:58','qil7949ktscfk7m2x2c5','\0',2,92,11,12,7,107,129,NULL),(810,'2020-06-18 22:45:58','2w5xpvzxje5119hmfb39','\0',3,59,15,2,15,188,13,NULL),(811,'2020-06-18 22:45:58','rwuc7mvdgztsi04v2aa4','\0',2,15,17,2,14,212,12,NULL),(812,'2020-06-18 22:45:58','x0zsxjd4yrxwmyc16i8q','\0',3,39,12,8,13,125,80,NULL),(813,'2020-06-18 22:45:58','zxi97jqn3kmwc3se9u7p','\0',3,18,5,3,9,36,24,NULL),(814,'2020-06-18 22:45:58','x6vqx97pw7now1efy87y','\0',4,21,9,3,3,91,15,NULL),(815,'2020-06-18 22:45:58','io2n678jk4lux5iud75r','',1,75,10,18,10,105,222,NULL),(816,'2020-06-18 22:45:58','f1frrj4ch0aco9dxwqv5','\0',1,91,13,19,4,140,227,NULL),(817,'2020-06-18 22:45:58','iiow3rgphn6j60j0zfle','\0',4,65,14,24,10,164,263,NULL),(818,'2020-06-18 22:45:58','by6h8vhlhlgvjdnveds6','\0',4,60,15,12,7,187,128,NULL),(819,'2020-06-18 22:45:58','u3vtm4wkwy68yde4mkvc','',2,14,22,9,14,247,90,NULL),(820,'2020-06-18 22:45:58','5h6duvl96zi19dj5qlfm','',1,54,4,11,10,31,106,NULL),(821,'2020-06-18 22:45:58','afuy00llq820jdkqndxe','',2,45,13,14,10,141,175,NULL),(822,'2020-06-18 22:45:58','n0cmmdn6yq1opgkr5oj5','',3,33,15,17,14,190,210,NULL),(823,'2020-06-18 22:45:58','ccveuibzud1j7im7724r','\0',2,62,17,2,10,211,11,NULL),(824,'2020-06-18 22:45:58','fv0b5qbxbyvj2t3kkwyl','',1,68,13,5,9,151,51,NULL),(825,'2020-06-18 22:45:58','a2z9zw221mgdpjqtddpx','',4,73,15,18,12,187,221,NULL),(826,'2020-06-18 22:45:58','uaddejs413w8mbl3pxkt','',3,76,14,13,14,169,155,NULL),(827,'2020-06-18 22:45:58','zsroblxpzrbk9mcg7gm9','\0',4,92,8,6,12,82,60,NULL),(828,'2020-06-18 22:45:58','2sszmq5e4o5tj36bumkv','\0',4,83,12,18,9,122,222,NULL),(829,'2020-06-18 22:45:58','qhh064m1n0smwylqyck2','',2,93,6,7,11,64,76,NULL),(830,'2020-06-18 22:45:58','4zmpfjmieq6m6z6o0w25','\0',3,92,15,18,11,190,223,NULL),(831,'2020-06-18 22:45:58','f34gp2svrq4bj8dskzjd','',3,61,18,11,9,219,112,NULL),(832,'2020-06-18 22:45:58','uu6ox78e7epeh3wb83h9','\0',3,31,6,17,11,64,213,NULL),(833,'2020-06-18 22:45:58','tetpcxr6aqsia62f0yfl','\0',3,33,9,17,13,90,214,NULL),(834,'2020-06-18 22:45:58','z8vgzh65h6dqcw14xofw','\0',4,45,7,22,2,71,254,NULL),(835,'2020-06-18 22:45:58','d0iqxspmwegj8exfimq7','\0',4,88,13,18,8,144,217,NULL),(836,'2020-06-18 22:45:58','avod7vrbrvzmmaty7nfx','',1,81,15,10,5,187,103,NULL),(837,'2020-06-18 22:45:58','z3jbfyytd8x5egqnnirc','',3,92,10,7,1,99,72,NULL),(838,'2020-06-18 22:45:58','fl2gbou8yoh6tchymitz','',1,56,21,22,11,246,251,NULL),(839,'2020-06-18 22:45:58','o91f6qpvwyb80zervkeq','',3,53,15,14,5,181,173,NULL),(840,'2020-06-18 22:45:58','2sciyu04981qj7j44uns','',2,80,20,13,1,240,146,NULL),(841,'2020-06-18 22:45:58','ku41f2a4b3k5xaz6qlzl','\0',3,92,9,10,3,88,102,NULL),(842,'2020-06-18 22:45:58','md8lilhbgtbe5pm16f14','\0',4,13,5,12,10,45,127,NULL),(843,'2020-06-18 22:45:58','md3wv21tk0k1sa7hxazi','\0',2,64,22,13,9,248,152,NULL),(844,'2020-06-18 22:45:58','1yf357zb1kkoyy259rld','\0',4,38,11,22,9,111,252,NULL),(845,'2020-06-18 22:45:58','249xj3xbdhnk4x5wyr8v','',3,12,11,1,13,107,2,NULL),(846,'2020-06-18 22:45:58','cu4o3z917mw149xtbudj','',2,40,19,13,15,227,138,NULL),(847,'2020-06-18 22:45:58','m1dwvu7tpcajcmo30cv0','\0',2,59,24,15,11,264,178,NULL),(848,'2020-06-18 22:45:58','itq5lzio2socvwhd0b3m','\0',4,90,24,7,15,262,71,NULL),(849,'2020-06-18 22:45:58','7zncwjx14z6cet22uz6z','',1,26,17,19,14,209,225,NULL),(850,'2020-06-18 22:45:58','w1feyjdos3ss31muh9p4','',1,70,15,13,13,187,149,NULL),(851,'2020-06-18 22:45:58','y0p3h0lz62j7eexeulfp','\0',4,85,2,16,13,13,193,NULL),(852,'2020-06-18 22:45:58','4rtnnqlucrv428l0dxsu','',4,21,12,12,5,131,125,NULL),(853,'2020-06-18 22:45:58','nsxarxmivkby3wajs80p','',4,98,7,7,1,67,75,NULL),(854,'2020-06-18 22:45:58','x5yzcyzcuovg7hvaynex','',4,41,7,7,1,67,66,NULL),(855,'2020-06-18 22:45:58','xj6a641zvs6r4hcb8t3k','\0',4,94,3,16,13,21,195,NULL),(856,'2020-06-18 22:45:58','h5y3iblsvi7m0pgdsk5j','\0',4,50,16,9,13,199,90,NULL),(857,'2020-06-18 22:45:58','22ye7st1nxa2mxq5xapg','\0',4,36,18,6,9,221,61,NULL),(858,'2020-06-18 22:45:58','jcgeylog6p23rvlxlr71','\0',3,28,12,2,11,123,9,NULL),(859,'2020-06-18 22:45:58','6usfcsaziv4g6nworjo7','',4,73,5,13,4,58,159,NULL),(860,'2020-06-18 22:45:58','sijl2b3np41povcfbkmi','\0',4,16,1,5,8,7,56,NULL),(861,'2020-06-18 22:45:58','2utygzcrt35stgfemfy7','\0',1,15,14,21,12,169,244,NULL),(862,'2020-06-18 22:45:58','qzz5c1v60p8v25lztl5l','',2,16,16,24,10,203,261,NULL),(863,'2020-06-18 22:45:58','o17dspuwgv7hrnowxxm4','\0',4,41,19,10,12,227,98,NULL),(864,'2020-06-18 22:45:58','j40g3250byr6poc3nfwx','\0',2,79,3,16,12,19,197,NULL),(865,'2020-06-18 22:45:58','lsmhes03l0srqr72619o','',4,52,7,23,8,72,258,NULL),(866,'2020-06-18 22:45:58','2bakfd596fwg7qgubmaq','\0',3,90,3,5,15,17,50,NULL),(867,'2020-06-18 22:45:58','tdw24gggf1j4b0l5ywue','',4,56,16,12,4,194,126,NULL),(868,'2020-06-18 22:45:58','c5580fw5op2e8o48xjyg','\0',4,55,5,13,13,52,156,NULL),(869,'2020-06-18 22:45:58','t6jq6vphuqhzxc48bwoj','\0',4,76,13,5,11,158,48,NULL),(870,'2020-06-18 22:45:58','ael21wrxjt5lsy8ix2cl','',1,88,6,7,8,62,72,NULL),(871,'2020-06-18 22:45:58','h6mdtbyn7w5qu297iqeq','\0',2,22,13,4,13,144,33,NULL),(872,'2020-06-18 22:45:58','g36ocz2xuox1nh9kplbt','\0',4,40,5,1,12,46,7,NULL),(873,'2020-06-18 22:45:58','510wwscqozjsxid9zym7','\0',4,18,16,19,13,194,225,NULL),(874,'2020-06-18 22:45:58','7f5t2fqflegbarfmby74','',3,81,5,1,13,57,1,NULL),(875,'2020-06-18 22:45:58','j9va89sjk5f8rp4ixrsd','',1,56,9,17,15,90,213,NULL),(876,'2020-06-18 22:45:58','zwmjjxppapash678jm2y','\0',2,43,4,3,15,29,17,NULL),(877,'2020-06-18 22:45:58','7c1ryl4mn9mzkaziojnp','\0',3,79,13,4,10,147,33,NULL),(878,'2020-06-18 22:45:58','omdpz40nsju1bdn5szpe','\0',4,27,5,8,3,53,85,NULL),(879,'2020-06-18 22:45:58','42b9bqwv842lfik5ybho','\0',2,61,7,3,11,67,21,NULL),(880,'2020-06-18 22:45:58','scuu24ad3s74zur49phd','',4,48,11,24,7,107,260,NULL),(881,'2020-06-18 22:45:58','cyauhesp27ql0681ugqe','',1,90,14,22,15,166,254,NULL),(882,'2020-06-18 22:45:58','3ne5fx30pt8v4sgqlr5p','\0',2,33,3,9,2,25,89,NULL),(883,'2020-06-18 22:45:58','kbhzbs6shpj1ifsm5e39','\0',2,55,12,5,1,116,43,NULL),(884,'2020-06-18 22:45:58','08u0kuj80fibpoh652oz','\0',2,82,5,22,10,48,247,NULL),(885,'2020-06-18 22:45:58','isxouipc3s9vwwo6upyr','',3,46,19,3,8,225,24,NULL),(886,'2020-06-18 22:45:58','v2yx6tjjbn5yaghp93rs','\0',2,34,7,17,14,66,213,NULL),(887,'2020-06-18 22:45:58','btt1hjb25kxbeqbuxhut','',2,35,13,1,1,138,3,NULL),(888,'2020-06-18 22:45:58','5kr6xhe9nhypeyito9qd','',3,95,8,24,15,79,264,NULL),(889,'2020-06-18 22:45:58','j88e7q5kbo8ugtxdkaeo','',4,69,15,17,7,179,208,NULL),(890,'2020-06-18 22:45:58','21vr9p672fq4rxao5mok','\0',4,94,13,13,3,144,156,NULL),(891,'2020-06-18 22:45:58','wier4zy55krunf81i53w','\0',3,81,5,7,4,57,77,NULL),(892,'2020-06-18 22:45:58','oq49t06cya5x95c4evas','\0',2,55,13,10,9,149,100,NULL),(893,'2020-06-18 22:45:58','slgz1u7hxi5bdrwcszal','',4,47,3,3,12,24,15,NULL),(894,'2020-06-18 22:45:58','bvbtp4r1fvtmmysmsth1','\0',4,66,22,17,8,252,213,NULL),(895,'2020-06-18 22:45:58','29qxdsfn9eaimybo7jzz','\0',4,55,1,9,4,4,87,NULL),(896,'2020-06-18 22:45:58','xk8uatht0o7crtf4w64o','',3,17,23,16,13,256,204,NULL),(897,'2020-06-18 22:45:58','lqqaqxpluosk5uu0mruq','\0',2,46,12,15,10,121,189,NULL),(898,'2020-06-18 22:45:58','xcxocclc42rko1s7jsr6','',4,70,9,1,13,91,5,NULL),(899,'2020-06-18 22:45:58','4qoc9lurruf5wn7f4zwi','',2,70,1,14,1,7,168,NULL),(900,'2020-06-18 22:45:58','c0t5wa1zx2hn22p8rfve','\0',1,67,7,8,9,69,84,NULL),(901,'2020-06-18 22:45:58','fr1pk3ocknj5zv0t8yl7','\0',4,15,14,19,6,167,230,NULL),(902,'2020-06-18 22:45:58','3l6se1x9bwkd7xlkn5p4','\0',4,42,7,5,2,77,54,NULL),(903,'2020-06-18 22:45:58','6w6b4mscz5kmice278aw','',2,29,22,20,5,252,237,NULL),(904,'2020-06-18 22:45:58','2elbae2god7tdayhzyvj','\0',3,74,14,22,3,173,253,NULL),(905,'2020-06-18 22:45:58','xjzji9nlmig1bio17c08','',2,44,19,12,14,229,120,NULL),(906,'2020-06-18 22:45:58','6au4qc3l2seccpsi9keh','',1,94,1,22,9,1,251,NULL),(907,'2020-06-18 22:45:58','yr9zm0g0a6po1pyvtwuf','\0',2,79,12,5,9,121,36,NULL),(908,'2020-06-18 22:45:58','2h326xlhu7w2bc5r4m3p','',3,40,21,12,7,242,116,NULL),(909,'2020-06-18 22:45:58','4xivd4b70jjlhhqriyqv','',3,65,5,5,9,42,56,NULL),(910,'2020-06-18 22:45:58','1nus4jrzjtualo6jz2fp','',3,23,17,5,5,211,44,NULL),(911,'2020-06-18 22:45:58','g8mm0ywue70w1fdlo0bh','\0',3,61,16,16,2,199,194,NULL),(912,'2020-06-18 22:45:58','k3xniz61roj836iiiodo','\0',4,79,18,15,15,220,189,NULL),(913,'2020-06-18 22:45:58','i729vjitzt13oez9y69y','',4,52,22,10,10,247,101,NULL),(914,'2020-06-18 22:45:58','4mjlfic8r4qy0y14pben','\0',4,16,5,1,2,38,7,NULL),(915,'2020-06-18 22:45:58','r5qwhpfjf75o78tpgzyh','\0',2,48,11,8,5,111,82,NULL),(916,'2020-06-18 22:45:58','o0to63asdvketfo2o705','',2,37,19,4,9,225,27,NULL),(917,'2020-06-18 22:45:58','i0l7tb8sqsgl2up0rv6c','\0',4,92,13,16,10,154,196,NULL),(918,'2020-06-18 22:45:58','qj3uoan6dewy7i5u2wxy','',4,26,5,7,14,46,69,NULL),(919,'2020-06-18 22:45:58','x79qgik4xxizvg5a03z8','\0',2,29,10,1,12,96,7,NULL),(920,'2020-06-18 22:45:58','syzn6o7y2s2mj6p6rxvn','',3,95,5,12,1,38,120,NULL),(921,'2020-06-18 22:45:58','qi98juciegfevx3tvd95','',4,98,7,20,10,76,237,NULL),(922,'2020-06-18 22:45:58','qp7yub9ao948rti04a8i','\0',1,56,10,18,13,97,219,NULL),(923,'2020-06-18 22:45:58','r60zew94ufjy4l51rmin','\0',3,46,15,15,10,192,179,NULL),(924,'2020-06-18 22:45:58','c01j86a6rzsfvwub5xcb','\0',4,88,15,13,13,189,162,NULL),(925,'2020-06-18 22:45:58','2nu9a54kvtmr7avk2rnm','',2,30,6,13,15,61,141,NULL),(926,'2020-06-18 22:45:58','kgoqt7uf1klr78ji7edi','\0',4,63,15,10,13,181,99,NULL),(927,'2020-06-18 22:45:58','3k521qf4ym79wh1zn2pe','\0',3,85,5,19,14,45,225,NULL),(928,'2020-06-18 22:45:58','7hex3n8q7h6xo7e2porr','\0',2,41,7,13,7,73,153,NULL),(929,'2020-06-18 22:45:58','51h5pyke3982wn8xpnhg','\0',4,70,16,6,8,202,64,NULL),(930,'2020-06-18 22:45:58','s3voesptws3wn1p1utq9','',3,79,16,5,13,198,56,NULL),(931,'2020-06-18 22:45:58','qaxi4qpdawir489y6lj8','',2,89,12,13,3,121,147,NULL),(932,'2020-06-18 22:45:58','n3p7r4fwmoo6s0in2twb','',2,72,10,5,2,96,39,NULL),(933,'2020-06-18 22:45:58','15mr45g7je5f1y9iosjc','\0',4,50,5,15,5,37,185,NULL),(934,'2020-06-18 22:45:58','pupe1hd27eid1my2q3it','\0',2,99,15,10,13,181,100,NULL),(935,'2020-06-18 22:45:58','58dbg0zz68mt5l5egtgd','\0',3,39,8,15,10,82,186,NULL),(936,'2020-06-18 22:45:58','71dhpbnza0jr0y1ev610','',4,18,13,24,8,137,262,NULL),(937,'2020-06-18 22:45:58','t5r3if1ghr9n53x4wb28','',2,15,13,7,9,136,72,NULL),(938,'2020-06-18 22:45:58','eh9u6trsw8npgnxdkxuf','',4,45,12,15,2,121,188,NULL),(939,'2020-06-18 22:45:58','v5lhge9swbuuvd789bry','',3,81,14,6,14,168,62,NULL),(940,'2020-06-18 22:45:58','i6zm0fwnky6ssmepx5eu','',1,13,12,1,8,117,8,NULL),(941,'2020-06-18 22:45:58','7rkim9afeyaa52p0q8st','',4,64,13,15,3,137,188,NULL),(942,'2020-06-18 22:45:58','nhjmnygzw9ye44vv9w8p','',1,66,16,15,10,204,186,NULL),(943,'2020-06-18 22:45:58','henuikt02qybz77uhgx4','\0',4,57,23,24,11,257,260,NULL),(944,'2020-06-18 22:45:58','nh4fecu3kw5x353r94j9','',4,57,19,5,7,232,55,NULL),(945,'2020-06-18 22:45:58','4mv7if0xsn9e6ei6j7is','\0',3,36,16,23,1,197,256,NULL),(946,'2020-06-18 22:45:58','xsm8non9gpnzp7hc69ut','\0',4,94,17,11,12,208,110,NULL),(947,'2020-06-18 22:45:58','rc8yjhff3o2udwifywog','',3,76,13,19,12,138,227,NULL),(948,'2020-06-18 22:45:58','oy1mdd0tki00o0j0q1fn','\0',2,47,12,11,14,126,107,NULL),(949,'2020-06-18 22:45:58','1csmst850ik6epepkj80','\0',4,53,13,1,12,134,3,NULL),(950,'2020-06-18 22:45:58','0r6wrgm9hhn5l3t4h3o5','',4,42,5,23,9,43,259,NULL),(951,'2020-06-18 22:45:58','s1e759kqayl29bwnu3vr','\0',2,84,5,16,6,39,200,NULL),(952,'2020-06-18 22:45:58','3y2edz0pnthsbns5zaqq','',1,74,11,10,3,115,94,NULL),(953,'2020-06-18 22:45:58','6eexz8xunnvq2j59x81u','',2,60,16,13,15,197,150,NULL),(954,'2020-06-18 22:45:58','374et6hpx7km1sc8m33k','\0',4,99,6,4,8,59,26,NULL),(955,'2020-06-18 22:45:58','m8qvbnns8dtisud6lueh','',3,46,18,5,9,222,45,NULL),(956,'2020-06-18 22:45:58','73uqn4wc9f70domfyy9t','\0',3,91,5,16,3,49,195,NULL),(957,'2020-06-18 22:45:58','d7cfaqb4njizo495y9gp','',4,76,1,18,4,7,223,NULL),(958,'2020-06-18 22:45:58','r018hon1gxth18d50r1r','',4,36,16,22,15,199,252,NULL),(959,'2020-06-18 22:45:58','794taigk199fpcz512ts','',3,43,19,20,15,227,236,NULL),(960,'2020-06-18 22:45:58','yu6d559f0sodriopgtne','',2,35,1,7,10,3,73,NULL),(961,'2020-06-18 22:45:58','i4ntz0fgirzk8ufxipcx','\0',3,69,5,9,3,39,91,NULL),(962,'2020-06-18 22:45:58','04l16py5d9w2g3nm4fqd','\0',4,90,17,21,3,205,245,NULL),(963,'2020-06-18 22:45:58','3fsrwg6jyzrduq1qqdo3','\0',4,80,13,23,15,154,255,NULL),(964,'2020-06-18 22:45:58','kzc9ltwklf5gy74bl6sa','',4,38,8,1,5,85,8,NULL),(965,'2020-06-18 22:45:58','zlw7ihg2atrpu01tp2ga','',4,33,18,6,4,216,64,NULL),(966,'2020-06-18 22:45:58','qgwnf9n1xehia75vktnc','',3,44,15,7,4,185,69,NULL),(967,'2020-06-18 22:45:58','feojirgjtmws5lz1xqm6','\0',1,37,7,14,7,73,163,NULL),(968,'2020-06-18 22:45:58','5c7wsoe0lfljw736wvj4','',4,66,17,7,3,208,73,NULL),(969,'2020-06-18 22:45:58','teob4gnxsrvj2l2w2scy','\0',2,77,10,11,11,103,107,NULL),(970,'2020-06-18 22:45:58','xy7vrtrdbj4u81zytgnv','\0',4,61,5,5,5,57,54,NULL),(971,'2020-06-18 22:45:58','e64ynk7z1grgoep52zux','\0',4,85,13,12,13,155,119,NULL),(972,'2020-06-18 22:45:58','f71pfvmcktf7s7suldgw','',4,16,20,13,5,236,150,NULL),(973,'2020-06-18 22:45:58','dxsmwi4tf7r14et46o8b','\0',4,51,20,7,8,239,67,NULL),(974,'2020-06-18 22:45:58','3ulzbfponus5n0itj03h','\0',2,10,8,12,13,83,131,NULL),(975,'2020-06-18 22:45:58','8djb77f05ozjasrhieuo','',4,97,11,12,14,110,118,NULL),(976,'2020-06-18 22:45:58','9p3z5u3mckfasetr0m7o','\0',3,20,13,12,12,146,116,NULL),(977,'2020-06-18 22:45:58','rgo0uat5513ttuig4dq4','\0',3,95,13,16,2,153,202,NULL),(978,'2020-06-18 22:45:58','b62qtig74qfcx59hrtaj','',3,16,1,17,12,4,212,NULL),(979,'2020-06-18 22:45:58','k1wld4odd7pj3sdwap6q','',3,10,14,6,7,165,59,NULL),(980,'2020-06-18 22:45:58','s3noksoos1fjc7k1e0pz','\0',3,38,17,14,4,208,174,NULL),(981,'2020-06-18 22:45:58','xnxz07sgh45wct6wt94b','',3,99,6,3,11,62,25,NULL),(982,'2020-06-18 22:45:58','au14mxis5xuj1fvf6jki','',3,24,8,18,8,80,219,NULL),(983,'2020-06-18 22:45:58','kicy24gr97xpvvw7agff','\0',3,33,11,13,5,114,135,NULL),(984,'2020-06-18 22:45:58','lgswvw8o7ep8qlk6afhl','',4,80,4,7,15,28,66,NULL),(985,'2020-06-18 22:45:58','cfncq0kayo057oltmirk','',3,86,10,10,9,99,102,NULL),(986,'2020-06-18 22:45:58','7xijq6qjk0haf1g1985c','\0',4,69,15,5,8,181,49,NULL),(987,'2020-06-18 22:45:58','dbxg3nw0zs4crdlu2dd0','\0',4,23,10,13,6,104,148,NULL),(988,'2020-06-18 22:45:58','mk40hu6mz5pg5hs1kf93','',2,34,2,13,6,10,142,NULL),(989,'2020-06-18 22:45:58','2u8h1b8cxej96surdz3x','',1,43,19,22,4,227,252,NULL),(990,'2020-06-18 22:45:58','9jvzl1zpe6g93e4tl1ey','',2,50,11,15,2,108,182,NULL),(991,'2020-06-18 22:45:58','n9jxiq0awgfcq34nsmom','',3,38,15,14,13,179,165,NULL),(992,'2020-06-18 22:45:58','u9vj8ftgyw2fodtt29qf','',2,25,20,13,13,238,159,NULL),(993,'2020-06-18 22:45:58','rjjewfgc3mb8rqdgmlw2','\0',2,20,5,5,13,36,37,NULL),(994,'2020-06-18 22:45:58','s3bme2qk4ahtvbnics9w','\0',4,27,7,22,5,66,249,NULL),(995,'2020-06-18 22:45:58','j44wijpclfjzzuhizu6j','\0',4,87,15,22,8,191,250,NULL),(996,'2020-06-18 22:45:58','vkzt9xmwk19nvycotqdd','',1,30,11,12,8,110,131,NULL),(997,'2020-06-18 22:45:58','1753j36o7av7mp5zdfad','',3,61,13,19,11,144,231,NULL),(998,'2020-06-18 22:45:58','xb1gbxvfy9300kvo3ias','',2,56,12,13,4,125,137,NULL),(999,'2020-06-18 22:45:58','jptcd8qgb6beg0refa9p','\0',3,21,7,15,6,69,183,NULL),(1000,'2020-06-18 22:45:58','eshgofe8l0l4iybf0vzy','',2,55,3,10,11,15,96,NULL),(1001,'2020-06-18 22:45:58','jqncspqzrclc5g57tuxy','\0',4,67,17,20,12,208,235,NULL),(1002,'2020-06-18 22:45:58','b07rvkl4ynh4ewdyzbh3','\0',2,82,21,11,14,243,111,NULL),(1003,'2020-06-18 22:45:58','g1ml7qeh99zlmvuueooo','',3,13,5,19,13,58,225,NULL),(1004,'2020-06-18 22:45:58','an5w8ygrjyv3enln8aod','\0',4,85,15,14,13,182,176,NULL),(1005,'2020-06-18 22:45:58','ysshg1uig6rkcgt0v3x1','',4,65,3,20,12,20,236,NULL),(1006,'2020-06-18 22:45:58','vx3i5sjzkog0kfja3fwe','\0',4,80,12,7,11,118,74,NULL),(1007,'2020-06-18 22:45:58','w58j4j9zjem83cowfj0v','',3,59,15,16,3,177,197,NULL),(1008,'2020-06-18 22:45:58','epr2z61b0oa783tqzk2g','',4,95,18,22,12,217,252,NULL),(1009,'2020-06-18 22:45:58','t4mh3kh94t6dbqhvhbpp','',2,52,15,4,14,189,32,NULL),(1010,'2020-06-18 22:45:58','sx4tipv2h41cyp00g7t2','\0',4,27,13,13,13,151,145,NULL),(1011,'2020-06-18 22:45:58','jl6eq5w92ee5mzwj2a3z','',3,66,18,10,4,219,97,NULL),(1012,'2020-06-18 22:45:58','l3ik8we8hksqyt1c0bk7','',1,82,4,5,3,26,49,NULL),(1013,'2020-06-18 22:45:58','njt5llms44zpuu6lplq5','',2,91,13,8,8,144,78,NULL),(1014,'2020-06-18 22:45:58','oobhe3lzehqob29olsis','',4,85,16,4,1,203,32,NULL),(1015,'2020-06-18 22:45:58','g2f4qbc86hg0i0wo5mlc','\0',1,70,13,13,14,138,154,NULL);
/*!40000 ALTER TABLE `covoiturage` ENABLE KEYS */;
UNLOCK TABLES;

--
-- Table structure for table `gouvernorat`
--

DROP TABLE IF EXISTS `gouvernorat`;
/*!40101 SET @saved_cs_client     = @@character_set_client */;
/*!40101 SET character_set_client = utf8 */;
CREATE TABLE `gouvernorat` (
  `id` bigint(20) NOT NULL,
  `name` varchar(255) DEFAULT NULL,
  PRIMARY KEY (`id`)
) ENGINE=MyISAM DEFAULT CHARSET=latin1;
/*!40101 SET character_set_client = @saved_cs_client */;

--
-- Dumping data for table `gouvernorat`
--

LOCK TABLES `gouvernorat` WRITE;
/*!40000 ALTER TABLE `gouvernorat` DISABLE KEYS */;
INSERT INTO `gouvernorat` (`id`, `name`) VALUES (1,'Tunis'),(2,'Ariana'),(3,'Ben Arous'),(4,'Manouba'),(5,'Nabeul'),(6,'Zaghouan'),(7,'Bizerte'),(8,'Bja'),(9,'Jendouba'),(10,'Kef'),(11,'Siliana'),(12,'Sousse'),(13,'Monastir'),(14,'Mahdia'),(15,'Sfax'),(16,'Kairouan'),(17,'Kasserine'),(18,'Sidi Bouzid'),(19,'Gabs'),(20,'Mednine'),(21,'Tataouine'),(22,'Gafsa'),(23,'Tozeur'),(24,'Kebili');
/*!40000 ALTER TABLE `gouvernorat` ENABLE KEYS */;
UNLOCK TABLES;

--
-- Table structure for table `hibernate_sequence`
--

DROP TABLE IF EXISTS `hibernate_sequence`;
/*!40101 SET @saved_cs_client     = @@character_set_client */;
/*!40101 SET character_set_client = utf8 */;
CREATE TABLE `hibernate_sequence` (
  `next_val` bigint(20) DEFAULT NULL
) ENGINE=MyISAM DEFAULT CHARSET=latin1;
/*!40101 SET character_set_client = @saved_cs_client */;

--
-- Dumping data for table `hibernate_sequence`
--

LOCK TABLES `hibernate_sequence` WRITE;
/*!40000 ALTER TABLE `hibernate_sequence` DISABLE KEYS */;
INSERT INTO `hibernate_sequence` (`next_val`) VALUES (1016),(1016),(1016),(1016),(1016),(1016);
/*!40000 ALTER TABLE `hibernate_sequence` ENABLE KEYS */;
UNLOCK TABLES;

--
-- Table structure for table `notification`
--

DROP TABLE IF EXISTS `notification`;
/*!40101 SET @saved_cs_client     = @@character_set_client */;
/*!40101 SET character_set_client = utf8 */;
CREATE TABLE `notification` (
  `id` bigint(20) NOT NULL,
  `content` varchar(255) DEFAULT NULL,
  `date` datetime DEFAULT NULL,
  `is_read` bit(1) NOT NULL,
  `user_id` bigint(20) DEFAULT NULL,
  PRIMARY KEY (`id`),
  KEY `FKb0yvoep4h4k92ipon31wmdf7e` (`user_id`)
) ENGINE=MyISAM DEFAULT CHARSET=latin1;
/*!40101 SET character_set_client = @saved_cs_client */;

--
-- Dumping data for table `notification`
--

LOCK TABLES `notification` WRITE;
/*!40000 ALTER TABLE `notification` DISABLE KEYS */;
/*!40000 ALTER TABLE `notification` ENABLE KEYS */;
UNLOCK TABLES;

--
-- Table structure for table `submission`
--

DROP TABLE IF EXISTS `submission`;
/*!40101 SET @saved_cs_client     = @@character_set_client */;
/*!40101 SET character_set_client = utf8 */;
CREATE TABLE `submission` (
  `id` bigint(20) NOT NULL,
  `status` int(11) DEFAULT NULL,
  `submission_date` datetime DEFAULT NULL,
  `covoiturage_id` bigint(20) DEFAULT NULL,
  `owner_id` bigint(20) DEFAULT NULL,
  PRIMARY KEY (`id`),
  KEY `FKpb96xjdvajx5ufsafruv7j4wx` (`covoiturage_id`),
  KEY `FK5gtt7nuqm7acju2vhmihw4r9k` (`owner_id`)
) ENGINE=MyISAM DEFAULT CHARSET=latin1;
/*!40101 SET character_set_client = @saved_cs_client */;

--
-- Dumping data for table `submission`
--

LOCK TABLES `submission` WRITE;
/*!40000 ALTER TABLE `submission` DISABLE KEYS */;
/*!40000 ALTER TABLE `submission` ENABLE KEYS */;
UNLOCK TABLES;

--
-- Table structure for table `user`
--

DROP TABLE IF EXISTS `user`;
/*!40101 SET @saved_cs_client     = @@character_set_client */;
/*!40101 SET character_set_client = utf8 */;
CREATE TABLE `user` (
  `id` bigint(20) NOT NULL,
  `age` int(11) NOT NULL,
  `authorities` varchar(255) DEFAULT NULL,
  `avis` double NOT NULL,
  `email` varchar(255) DEFAULT NULL,
  `first_name` varchar(255) DEFAULT NULL,
  `gender` int(11) DEFAULT NULL,
  `has_url` bit(1) NOT NULL,
  `image_url` varchar(255) DEFAULT NULL,
  `inscription_date` datetime DEFAULT NULL,
  `last_date_enetered` datetime DEFAULT NULL,
  `last_name` varchar(255) DEFAULT NULL,
  `localisation` varchar(255) DEFAULT NULL,
  `num_tel` varchar(255) DEFAULT NULL,
  `password` varchar(255) DEFAULT NULL,
  `reset_token` varchar(255) DEFAULT NULL,
  `roles` varchar(255) DEFAULT NULL,
  `status` varchar(255) DEFAULT NULL,
  PRIMARY KEY (`id`)
) ENGINE=MyISAM DEFAULT CHARSET=latin1;
/*!40101 SET character_set_client = @saved_cs_client */;

--
-- Dumping data for table `user`
--

LOCK TABLES `user` WRITE;
/*!40000 ALTER TABLE `user` DISABLE KEYS */;
INSERT INTO `user` (`id`, `age`, `authorities`, `avis`, `email`, `first_name`, `gender`, `has_url`, `image_url`, `inscription_date`, `last_date_enetered`, `last_name`, `localisation`, `num_tel`, `password`, `reset_token`, `roles`, `status`) VALUES (1,53,NULL,97,'Laci@gmail.com','Laci',1,'','api/user/images/getImage/1.jpg','2020-06-18 22:43:48','2020-06-18 22:43:48','Mayert',NULL,'(818) 798-7607','$2a$10$WognWXaVBcNufrlSupxpnO34snknYdUOVJtBQ2c0BrSInlztYWnKK',NULL,NULL,'Offline'),(2,46,NULL,33,'Thaddeus@gmail.com','Thaddeus',1,'','api/user/images/getImage/2.jpg','2020-06-18 22:43:49','2020-06-18 22:43:49','Bartoletti',NULL,'(442) 975-0790','$2a$10$EJTlTFH.59lYOEIlZlkxx.8/Pi7P5Sk1oJkbOX8oCS22lmxIGdQrS',NULL,NULL,'Offline'),(3,27,NULL,82,'Walter@gmail.com','Walter',0,'','api/user/images/getImage/3.jpg','2020-06-18 22:43:49','2020-06-18 22:43:49','Bartell',NULL,'236.348.1399','$2a$10$POtejmgWF8YjKjUtiG88COhwGbr5gm90/Uo8ztbfYEkro6n09tpBi',NULL,NULL,'Offline'),(4,57,NULL,4,'Jerold@gmail.com','Jerold',0,'','api/user/images/getImage/4.jpg','2020-06-18 22:43:49','2020-06-18 22:43:49','Walter',NULL,'668-456-2829','$2a$10$5oJiPiG0i/fCURhD0Sc8re3AGUV0yeu5sBeBWMjCkvHeB36LTDeEC',NULL,NULL,'Offline'),(5,23,NULL,20,'Lenard@gmail.com','Lenard',0,'','api/user/images/getImage/5.jpg','2020-06-18 22:43:49','2020-06-18 22:43:49','Stoltenberg',NULL,'(094) 710-9096','$2a$10$XuEJX6kR70dh0HRaP9aJd.B5Y7l3J.xVkiH19/2CIpqDkHm7jgA6O',NULL,NULL,'Offline'),(6,39,NULL,76,'Syreeta@gmail.com','Syreeta',0,'','api/user/images/getImage/6.jpg','2020-06-18 22:43:49','2020-06-18 22:43:49','Veum',NULL,'(629) 654-1490','$2a$10$AURDy5nAaBbKwyEx3B0Mq.rLs8yzM.SHI3JW9B9xFB4ZRvTYhdqoq',NULL,NULL,'Offline'),(7,31,NULL,93,'Mose@gmail.com','Mose',0,'','api/user/images/getImage/7.jpg','2020-06-18 22:43:49','2020-06-18 22:43:49','Cassin',NULL,'583-314-0267','$2a$10$Lk5pnSmZT14cjUkeibnFeOEk5kJdXxKL1IwBmfzwEaBA80WsNF/3W',NULL,NULL,'Offline'),(8,37,NULL,4,'Sharyl@gmail.com','Sharyl',1,'','api/user/images/getImage/8.jpg','2020-06-18 22:43:49','2020-06-18 22:43:49','Runte',NULL,'1-782-411-9760','$2a$10$knB0e1h7Rdp4NzUMJ4ysiu72TTVT9tmCBndi8chCu5oWarawI/EFu',NULL,NULL,'Online'),(9,30,NULL,67,'Madlyn@gmail.com','Madlyn',0,'','api/user/images/getImage/9.jpg','2020-06-18 22:43:49','2020-06-18 22:43:49','Lubowitz',NULL,'106-451-9976','$2a$10$FtH4xDHy6g6m7CbsplQmWe.ynvXioP1CeYqewKsT9GN2pgVwxIO4a',NULL,NULL,'Offline'),(10,52,NULL,64,'Bryant@gmail.com','Bryant',1,'','api/user/images/getImage/10.jpg','2020-06-18 22:43:49','2020-06-18 22:43:49','Pacocha',NULL,'815.984.0621','$2a$10$5fJDIhziMpW1R9L0K/YOv.m2kP7y7nxGVmcvlZyjYo0ii5k.8tjrS',NULL,NULL,'Offline'),(11,53,NULL,16,'Tamesha@gmail.com','Tamesha',1,'','api/user/images/getImage/11.jpg','2020-06-18 22:43:49','2020-06-18 22:43:49','Nienow',NULL,'1-749-597-1520','$2a$10$mk/E18ciMkM3v3mF24dntONkwW/kopBWlaW65icmK4AWTHEKYaGry',NULL,NULL,'Offline'),(12,50,NULL,31,'Dusty@gmail.com','Dusty',0,'','api/user/images/getImage/12.jpg','2020-06-18 22:43:49','2020-06-18 22:43:49','Cassin',NULL,'583.411.7740','$2a$10$aB2kf9h1s/FUNxPPExTPB.icLQAKR/lYbArCwO0O.HTu3Q4u1Ecrq',NULL,NULL,'Online'),(13,35,NULL,84,'Daryl@gmail.com','Daryl',0,'','api/user/images/getImage/13.jpg','2020-06-18 22:43:50','2020-06-18 22:43:50','Yost',NULL,'363.331.2367','$2a$10$3P7KOY3SmQCBsiMDDCo.YOaccgVmheE5hYitY6fJtJGjVZETrNECu',NULL,NULL,'Online'),(14,29,NULL,17,'Jaqueline@gmail.com','Jaqueline',0,'','api/user/images/getImage/14.jpg','2020-06-18 22:43:50','2020-06-18 22:43:50','Roob',NULL,'496-723-1338','$2a$10$cp8ZZ4NguoHV3Luq6oWn4ePPm7AZLnLnpEmQ4uJr2mJsBTHWySp3a',NULL,NULL,'Offline'),(15,23,NULL,9,'Anjelica@gmail.com','Anjelica',1,'','api/user/images/getImage/15.jpg','2020-06-18 22:43:50','2020-06-18 22:43:50','Kuhlman',NULL,'(224) 798-7454','$2a$10$VbwhFS7zl.01J3uLRct2FOsKqKVjbTB0iT1IgmjfDx8Z71XrIHyIu',NULL,NULL,'Offline');
/*!40000 ALTER TABLE `user` ENABLE KEYS */;
UNLOCK TABLES;

--
-- Table structure for table `ville`
--

DROP TABLE IF EXISTS `ville`;
/*!40101 SET @saved_cs_client     = @@character_set_client */;
/*!40101 SET character_set_client = utf8 */;
CREATE TABLE `ville` (
  `id` bigint(20) NOT NULL,
  `name` varchar(255) DEFAULT NULL,
  `gouv_id` bigint(20) DEFAULT NULL,
  PRIMARY KEY (`id`),
  KEY `FKlccd08j1u9y10p8ekofwevbrw` (`gouv_id`)
) ENGINE=MyISAM DEFAULT CHARSET=latin1;
/*!40101 SET character_set_client = @saved_cs_client */;

--
-- Dumping data for table `ville`
--

LOCK TABLES `ville` WRITE;
/*!40000 ALTER TABLE `ville` DISABLE KEYS */;
INSERT INTO `ville` (`id`, `name`, `gouv_id`) VALUES (1,'Tunis',1),(2,'Bardo',1),(3,'Kram',1),(4,'Goulette',1),(5,'Carthage',1),(6,'Sidi Bou Said',1),(7,'Marsa',1),(8,'Sidi Hassine',1),(9,'Ariana',2),(10,'Soukra',2),(11,'Raoued',2),(12,'Kalat el-Andalous',2),(13,'Sidi Thabet',2),(14,'Ettadhamen-Mnihla',2),(15,'Ben Arous',3),(16,'El Mourouj',3),(17,'Hammam Lif',3),(18,'Hammam Chott',3),(19,'Bou Mhel el-Bassatine',3),(20,'Ezzahra',3),(21,'Rads',3),(22,'Mgrine',3),(23,'Mohamedia-Fouchana',3),(24,'Mornag',3),(25,'Khalidia',3),(26,'Manouba',4),(27,'Den Den',4),(28,'Douar Hicher',4),(29,'Oued Ellil',4),(30,'Mornaguia',4),(31,'Borj El Amri',4),(32,'Djedeida',4),(33,'Tebourba',4),(34,'El Battan',4),(35,'Nabeul',5),(36,'Dar Chaabane',5),(37,'Bni Khiar',5),(38,'El Mamoura',5),(39,'Soma',5),(40,'Korba',5),(41,'Tazerka',5),(42,'Menzel Temime',5),(43,'Menzel Horr',5),(44,'El Mida',5),(45,'Kelibia',5),(46,'Azmour',5),(47,'Hammam Ghezze',5),(48,'Dar Allouch',5),(49,'El Haouaria',5),(50,'Takelsa',5),(51,'Soliman',5),(52,'Korbous',5),(53,'Menzel Bouzelfa',5),(54,'Bni Khalled',5),(55,'Zaouiet Djedidi',5),(56,'Grombalia',5),(57,'Bou Argoub',5),(58,'Hammamet',5),(59,'Zaghouan',6),(60,'Zriba',6),(61,'Bir Mcherga',6),(62,'Djebel Oust',6),(63,'El Fahs',6),(64,'Nadhour',6),(65,'Bizerte',7),(66,'Sejnane',7),(67,'Mateur',7),(68,'Menzel Bourguiba',7),(69,'Tinja',7),(70,'Ghar al Milh',7),(71,'Aousja',7),(72,'Menzel Jemil',7),(73,'Menzel Abderrahmane',7),(74,'El Alia',7),(75,'Ras Jebel',7),(76,'Metline',7),(77,'Raf Raf',7),(78,'Bja',8),(79,'El Magoula',8),(80,'Zahret Medien',8),(81,'Nefza',8),(82,'Tboursouk',8),(83,'Testour',8),(84,'Goubellat',8),(85,'Majaz al Bab',8),(86,'Jendouba',9),(87,'Bou Salem',9),(88,'Tabarka',9),(89,'An Draham',9),(90,'Fernana',9),(91,'Beni M\'Tir',9),(92,'Ghardimaou',9),(93,'Oued Melliz',9),(94,'El Kef',10),(95,'Nebeur',10),(96,'Touiref',10),(97,'Sakiet Sidi Youssef',10),(98,'Tajerouine',10),(99,'Menzel Salem',10),(100,'Kalaat es Senam',10),(101,'Kalat Khasba',10),(102,'Jrissa',10),(103,'El Ksour',10),(104,'Dahmani',10),(105,'Sers',10),(106,'Siliana',11),(107,'Bou Arada',11),(108,'Gafour',11),(109,'El Krib',11),(110,'Sidi Bou Rouis',11),(111,'Maktar',11),(112,'Rouhia',11),(113,'Kesra',11),(114,'Bargou',11),(115,'El Aroussa',11),(116,'Sousse',12),(117,'Ksibet Thrayet',12),(118,'Ezzouhour',12),(119,'Zaouiet Sousse',12),(120,'Hammam Sousse',12),(121,'Akouda',12),(122,'Kala Kebira',12),(123,'Sidi Bou Ali',12),(124,'Hergla',12),(125,'Enfidha',12),(126,'Bouficha',12),(127,'Sidi El Hani',12),(128,'M\'saken',12),(129,'Kala Seghira',12),(130,'Messaadine',12),(131,'Kondar',12),(132,'Monastir',13),(133,'Khniss',13),(134,'Ouerdanin',13),(135,'Sahline Motmar',13),(136,'Sidi Ameur',13),(137,'Zramdine',13),(138,'Beni Hassen',13),(139,'Ghenada',13),(140,'Jemmal',13),(141,'Menzel Kamel',13),(142,'Zaouiet Kontoch',13),(143,'Bembla-Mnara',13),(144,'Menzel Ennour',13),(145,'El Masdour',13),(146,'Moknine',13),(147,'Sidi Bennour',13),(148,'Menzel Farsi',13),(149,'Amiret El Fhoul',13),(150,'Amiret Touazra',13),(151,'Amiret El Hojjaj',13),(152,'Cherahil',13),(153,'Bekalta',13),(154,'Tboulba',13),(155,'Ksar Hellal',13),(156,'Ksibet El Mediouni',13),(157,'Benen Bodher',13),(158,'Touza',13),(159,'Sayada',13),(160,'Lemta',13),(161,'Bouhjar',13),(162,'Menzel Hayet',13),(163,'Mahdia',14),(164,'Rejiche',14),(165,'Bou Merdes',14),(166,'Ouled Chamekh',14),(167,'Chorbane',14),(168,'Hebira',14),(169,'Essouassi',14),(170,'El Djem',14),(171,'Kerker',14),(172,'Chebba',14),(173,'Melloulche',14),(174,'Sidi Alouane',14),(175,'Ksour Essef',14),(176,'El Brada',14),(177,'Sfax',15),(178,'Sakiet Ezzit',15),(179,'Chihia',15),(180,'Sakiet Eddaer',15),(181,'Gremda',15),(182,'El Ain',15),(183,'Thyna',15),(184,'Agareb',15),(185,'Jebiniana',15),(186,'El Hencha',15),(187,'Menzel Chaker',15),(188,'Ghraba',15),(189,'Bir Ali Ben Khlifa',15),(190,'Skhira',15),(191,'Mahares',15),(192,'Kerkennah',15),(193,'Kairouan',16),(194,'Chebika, Kairouan',16),(195,'Sbikha',16),(196,'Oueslatia',16),(197,'An Djeloula',16),(198,'Haffouz',16),(199,'Ala',16),(200,'Hajeb El Ayoun',16),(201,'Nasrallah',16),(202,'Menzel Mehiri',16),(203,'Echrarda',16),(204,'Bou Hajla',16),(205,'Kasserine',17),(206,'Sbeitla',17),(207,'Sbiba',17),(208,'Jedelienne',17),(209,'Thala',17),(210,'Hadra',17),(211,'Foussana',17),(212,'Friana',17),(213,'Thlepte',17),(214,'Magel Bel Abbs',17),(215,'Sidi Bouzid',18),(216,'Jilma',18),(217,'Cebalet',18),(218,'Bir El Hafey',18),(219,'Sidi Ali Ben Aoun',18),(220,'Menzel Bouzaiane',18),(221,'Meknassy',18),(222,'Mezzouna',18),(223,'Regueb',18),(224,'Ouled Haffouz',18),(225,'Gabs',19),(226,'Chenini Nahal',19),(227,'Ghannouch',19),(228,'Mtouia',19),(229,'Oudhref',19),(230,'El Hamma',19),(231,'Matmata',19),(232,'Nouvelle Matmata',19),(233,'Mareth',19),(234,'Zarat',19),(235,'Medenine',20),(236,'Beni Khedache',20),(237,'Ben Gardane',20),(238,'Zarzis',20),(239,'Houmt El Souk',20),(240,'Midoun',20),(241,'Ajim',20),(242,'Tataouine',21),(243,'Bir Lahmar',21),(244,'Ghomrassen',21),(245,'Dehiba',21),(246,'Remada',21),(247,'Gafsa',22),(248,'El Ksar',22),(249,'Moulars',22),(250,'Redeyef',22),(251,'Mtlaoui',22),(252,'Mdhila',22),(253,'El Guettar',22),(254,'Sened',22),(255,'Tozeur',23),(256,'Degache',23),(257,'Hamet Jerid',23),(258,'Nafta',23),(259,'Tamerza',23),(260,'Kebili',24),(261,'Djemna',24),(262,'Douz',24),(263,'El Gola',24),(264,'Souk Lahad',24);
/*!40000 ALTER TABLE `ville` ENABLE KEYS */;
UNLOCK TABLES;
/*!40103 SET TIME_ZONE=@OLD_TIME_ZONE */;

/*!40101 SET SQL_MODE=@OLD_SQL_MODE */;
/*!40014 SET FOREIGN_KEY_CHECKS=@OLD_FOREIGN_KEY_CHECKS */;
/*!40014 SET UNIQUE_CHECKS=@OLD_UNIQUE_CHECKS */;
/*!40101 SET CHARACTER_SET_CLIENT=@OLD_CHARACTER_SET_CLIENT */;
/*!40101 SET CHARACTER_SET_RESULTS=@OLD_CHARACTER_SET_RESULTS */;
/*!40101 SET COLLATION_CONNECTION=@OLD_COLLATION_CONNECTION */;
/*!40111 SET SQL_NOTES=@OLD_SQL_NOTES */;

-- Dump completed on 2020-06-18 23:47:46
