INSERT INTO covoiturage.gouvernorat (id, name)
VALUES
  (2, 'tunis');
INSERT INTO covoiturage.gouvernorat (id, name)
VALUES
  (4, 'bizerte');
INSERT INTO covoiturage.gouvernorat (id, name)
VALUES
  (6, 'sfax');
INSERT INTO covoiturage.gouvernorat (id, name)
VALUES
  (8, 'ben arous');
INSERT INTO covoiturage.ville (id, name, gouv_id)
VALUES
  (1, 'hbib', 2);
INSERT INTO covoiturage.ville (id, name, gouv_id)
VALUES
  (3, 'wed march', 4);
INSERT INTO covoiturage.ville (id, name, gouv_id)
VALUES
  (5, 'birine', 6);
INSERT INTO covoiturage.ville (id, name, gouv_id)
VALUES
  (7, 'fouchena', 8);
INSERT INTO covoiturage.ville (id, name, gouv_id)
VALUES
  (109, 'andalos', 4);
INSERT INTO covoiturage.ville (id, name, gouv_id)
VALUES
  (110, 'blassa', 4);
INSERT INTO covoiturage.ville (id, name, gouv_id)
VALUES
  (111, 'sour', 4);
INSERT INTO covoiturage.ville (id, name, gouv_id)
VALUES
  (112, 'el kssar', 4);
INSERT INTO covoiturage.ville (id, name, gouv_id)
VALUES
  (113, 'tej', 6);
INSERT INTO covoiturage.ville (id, name, gouv_id)
VALUES
  (114, 'xxsf', 6);
INSERT INTO covoiturage.ville (id, name, gouv_id)
VALUES
  (115, 'ttsf', 6);
INSERT INTO covoiturage.ville (id, name, gouv_id)
VALUES
  (116, 'rrsf', 6);
INSERT INTO covoiturage.ville (id, name, gouv_id)
VALUES
  (117, 'mhamdia', 8);
INSERT INTO covoiturage.ville (id, name, gouv_id)
VALUES
  (118, 'mourouj', 8);
INSERT INTO covoiturage.ville (id, name, gouv_id)
VALUES
  (119, 'ben arous', 8);
INSERT INTO covoiturage.ville (id, name, gouv_id)
VALUES
  (120, 'sidi hssin', 8);
INSERT INTO covoiturage.user (
    id,
    age,
    avis,
    email,
    first_name,
    gender,
    inscription_date,
    last_date_enetered,
    last_name,
    localisation,
    num_tel,
    status
  )
VALUES
  (
    9,
    46,
    14.258,
    'Mr. Phung Hayes@gmail.com',
    'Alvaro',
    0,
    '1990-11-13 23:25:10',
    '1959-02-14 18:04:32',
    'Lehner',
    'Robertsview',
    '(895) 847-2463',
    'offline '
  );
INSERT INTO covoiturage.user (
    id,
    age,
    avis,
    email,
    first_name,
    gender,
    inscription_date,
    last_date_enetered,
    last_name,
    localisation,
    num_tel,
    status
  )
VALUES
  (
    10,
    21,
    15.369,
    'Dann Predovic@gmail.com',
    'Sonny',
    1,
    '1970-04-11 16:33:49',
    '1993-07-10 19:09:26',
    'Wisozk',
    'Port Leenaburgh',
    '(558) 167-4280 x10035',
    'online '
  );
INSERT INTO covoiturage.user (
    id,
    age,
    avis,
    email,
    first_name,
    gender,
    inscription_date,
    last_date_enetered,
    last_name,
    localisation,
    num_tel,
    status
  )
VALUES
  (
    11,
    63,
    9.513,
    'Mui Halvorson DDS@gmail.com',
    'Olimpia',
    1,
    '1964-03-17 21:53:15',
    '1955-08-03 08:06:59',
    'Bailey',
    'Port Tula',
    '1-971-591-4066 x513',
    'online '
  );
INSERT INTO covoiturage.user (
    id,
    age,
    avis,
    email,
    first_name,
    gender,
    inscription_date,
    last_date_enetered,
    last_name,
    localisation,
    num_tel,
    status
  )
VALUES
  (
    12,
    52,
    2.678,
    'Mr. Bradley Rogahn@gmail.com',
    'Percy',
    0,
    '1957-09-25 21:41:02',
    '2001-04-19 04:01:40',
    'Vandervort',
    'Stokesfort',
    '490.578.2927 x8036',
    'offline '
  );
INSERT INTO covoiturage.user (
    id,
    age,
    avis,
    email,
    first_name,
    gender,
    inscription_date,
    last_date_enetered,
    last_name,
    localisation,
    num_tel,
    status
  )
VALUES
  (
    13,
    37,
    2.65,
    'France Buckridge@gmail.com',
    'Neville',
    0,
    '1958-11-07 22:15:25',
    '1968-01-04 15:30:09',
    'Welch',
    'Roweborough',
    '556.804.8336',
    'online '
  );
INSERT INTO covoiturage.user (
    id,
    age,
    avis,
    email,
    first_name,
    gender,
    inscription_date,
    last_date_enetered,
    last_name,
    localisation,
    num_tel,
    status
  )
VALUES
  (
    14,
    29,
    13.028,
    'Edmundo Vandervort@gmail.com',
    'Jarrett',
    0,
    '1976-09-20 16:23:23',
    '1984-01-03 02:01:20',
    'Mosciski',
    'North Leif',
    '106-544-5440 x318',
    'online '
  );
INSERT INTO covoiturage.user (
    id,
    age,
    avis,
    email,
    first_name,
    gender,
    inscription_date,
    last_date_enetered,
    last_name,
    localisation,
    num_tel,
    status
  )
VALUES
  (
    15,
    38,
    15.877,
    'Bobby Blick@gmail.com',
    'Krystyna',
    0,
    '1960-06-04 15:24:13',
    '1991-07-11 09:34:42',
    'Schulist',
    'Emmerichberg',
    '1-308-754-2586',
    'offline '
  );
INSERT INTO covoiturage.user (
    id,
    age,
    avis,
    email,
    first_name,
    gender,
    inscription_date,
    last_date_enetered,
    last_name,
    localisation,
    num_tel,
    status
  )
VALUES
  (
    16,
    33,
    7.755,
    'Charita Toy PhD@gmail.com',
    'Cameron',
    0,
    '1992-11-26 07:41:32',
    '1957-02-08 18:45:15',
    'Fahey',
    'West Laylaville',
    '979.209.9510',
    'online '
  );
INSERT INTO covoiturage.user (
    id,
    age,
    avis,
    email,
    first_name,
    gender,
    inscription_date,
    last_date_enetered,
    last_name,
    localisation,
    num_tel,
    status
  )
VALUES
  (
    17,
    59,
    12.265,
    'Lakesha Beier@gmail.com',
    'Eldora',
    1,
    '1978-09-23 20:17:33',
    '1976-06-18 14:07:47',
    'Stiedemann',
    'Batzview',
    '(362) 726-8154 x30455',
    'online '
  );
INSERT INTO covoiturage.user (
    id,
    age,
    avis,
    email,
    first_name,
    gender,
    inscription_date,
    last_date_enetered,
    last_name,
    localisation,
    num_tel,
    status
  )
VALUES
  (
    18,
    39,
    5.914,
    'Tora Rowe@gmail.com',
    'Myesha',
    0,
    '1974-03-22 01:46:39',
    '1961-06-03 06:45:10',
    'Dare',
    'Waterstown',
    '103-235-5338',
    'online '
  );
INSERT INTO covoiturage.user (
    id,
    age,
    avis,
    email,
    first_name,
    gender,
    inscription_date,
    last_date_enetered,
    last_name,
    localisation,
    num_tel,
    status
  )
VALUES
  (
    19,
    54,
    16.56,
    'Fay Murphy@gmail.com',
    'Sal',
    0,
    '1987-07-22 16:54:30',
    '1965-01-21 22:48:25',
    'Herman',
    'Isauramouth',
    '474.423.2321 x64226',
    'offline '
  );
INSERT INTO covoiturage.user (
    id,
    age,
    avis,
    email,
    first_name,
    gender,
    inscription_date,
    last_date_enetered,
    last_name,
    localisation,
    num_tel,
    status
  )
VALUES
  (
    20,
    37,
    13.497,
    'Fredrick Boyer@gmail.com',
    'Leesa',
    1,
    '1998-11-23 13:00:30',
    '1982-11-22 21:01:31',
    'Bashirian',
    'Lake Tameka',
    '1-385-360-6645',
    'online '
  );
INSERT INTO covoiturage.user (
    id,
    age,
    avis,
    email,
    first_name,
    gender,
    inscription_date,
    last_date_enetered,
    last_name,
    localisation,
    num_tel,
    status
  )
VALUES
  (
    21,
    26,
    10.082,
    'Jolyn Rutherford@gmail.com',
    'Olen',
    1,
    '1995-03-23 22:13:19',
    '1974-12-07 12:07:42',
    'Satterfield',
    'Wittingbury',
    '1-509-759-6364',
    'online '
  );
INSERT INTO covoiturage.user (
    id,
    age,
    avis,
    email,
    first_name,
    gender,
    inscription_date,
    last_date_enetered,
    last_name,
    localisation,
    num_tel,
    status
  )
VALUES
  (
    22,
    33,
    0.936,
    'Emmett Zieme@gmail.com',
    'Lily',
    1,
    '2002-02-22 00:30:47',
    '1955-07-04 07:18:09',
    'Rodriguez',
    'Bobbiechester',
    '127-254-5577 x4187',
    'offline '
  );
INSERT INTO covoiturage.user (
    id,
    age,
    avis,
    email,
    first_name,
    gender,
    inscription_date,
    last_date_enetered,
    last_name,
    localisation,
    num_tel,
    status
  )
VALUES
  (
    23,
    22,
    4.448,
    'Erlene Will@gmail.com',
    'Bernita',
    0,
    '1983-09-10 11:41:07',
    '1972-10-29 20:20:43',
    'DuBuque',
    'Rutherfordfurt',
    '(542) 693-0237',
    'online '
  );
INSERT INTO covoiturage.user (
    id,
    age,
    avis,
    email,
    first_name,
    gender,
    inscription_date,
    last_date_enetered,
    last_name,
    localisation,
    num_tel,
    status
  )
VALUES
  (
    24,
    54,
    8.549,
    'Pete Carter@gmail.com',
    'Cary',
    0,
    '1974-11-15 01:43:37',
    '1957-02-13 20:10:01',
    'Sanford',
    'Leroyshire',
    '1-673-286-4441 x4892',
    'online '
  );
INSERT INTO covoiturage.user (
    id,
    age,
    avis,
    email,
    first_name,
    gender,
    inscription_date,
    last_date_enetered,
    last_name,
    localisation,
    num_tel,
    status
  )
VALUES
  (
    25,
    53,
    13.762,
    'Raymond Quigley@gmail.com',
    'Shayne',
    0,
    '1957-01-21 21:07:17',
    '1974-04-22 12:45:37',
    'Waelchi',
    'Ayakofort',
    '352-776-0685 x1726',
    'offline '
  );
INSERT INTO covoiturage.user (
    id,
    age,
    avis,
    email,
    first_name,
    gender,
    inscription_date,
    last_date_enetered,
    last_name,
    localisation,
    num_tel,
    status
  )
VALUES
  (
    26,
    43,
    1.718,
    'Mrs. Rosa Blick@gmail.com',
    'Anibal',
    1,
    '1999-06-09 02:05:38',
    '1958-12-22 02:58:45',
    'Roberts',
    'Leannonburgh',
    '(133) 303-8032',
    'offline '
  );
INSERT INTO covoiturage.user (
    id,
    age,
    avis,
    email,
    first_name,
    gender,
    inscription_date,
    last_date_enetered,
    last_name,
    localisation,
    num_tel,
    status
  )
VALUES
  (
    27,
    25,
    10.96,
    'Anisha Deckow@gmail.com',
    'Karisa',
    0,
    '1957-04-22 20:46:03',
    '1963-07-09 11:43:29',
    'Waters',
    'Strosinton',
    '047-261-8052 x0138',
    'online '
  );
INSERT INTO covoiturage.user (
    id,
    age,
    avis,
    email,
    first_name,
    gender,
    inscription_date,
    last_date_enetered,
    last_name,
    localisation,
    num_tel,
    status
  )
VALUES
  (
    28,
    44,
    7.229,
    'Dennise Crona@gmail.com',
    'Granville',
    0,
    '1959-01-25 05:14:08',
    '1999-09-17 05:11:36',
    'Borer',
    'New Lavera',
    '1-461-464-7760',
    'offline '
  );
INSERT INTO covoiturage.user (
    id,
    age,
    avis,
    email,
    first_name,
    gender,
    inscription_date,
    last_date_enetered,
    last_name,
    localisation,
    num_tel,
    status
  )
VALUES
  (
    29,
    51,
    12.559,
    'Donetta Romaguera@gmail.com',
    'Layne',
    1,
    '1985-06-03 04:00:29',
    '1957-02-12 10:30:13',
    'Leannon',
    'Kshlerinchester',
    '660-486-9071',
    'online '
  );
INSERT INTO covoiturage.user (
    id,
    age,
    avis,
    email,
    first_name,
    gender,
    inscription_date,
    last_date_enetered,
    last_name,
    localisation,
    num_tel,
    status
  )
VALUES
  (
    30,
    41,
    3.405,
    'Luba Harris Sr.@gmail.com',
    'Camille',
    1,
    '1995-08-08 22:50:28',
    '1974-04-11 06:32:44',
    'Schmidt',
    'Torpstad',
    '781-420-3565 x941',
    'online '
  );
INSERT INTO covoiturage.user (
    id,
    age,
    avis,
    email,
    first_name,
    gender,
    inscription_date,
    last_date_enetered,
    last_name,
    localisation,
    num_tel,
    status
  )
VALUES
  (
    31,
    45,
    4.044,
    'Miss Brendan Bernhard@gmail.com',
    'Carlee',
    0,
    '1985-10-15 08:44:11',
    '2000-12-14 22:01:48',
    'Raynor',
    'Clorastad',
    '1-253-439-5861 x28041',
    'offline '
  );
INSERT INTO covoiturage.user (
    id,
    age,
    avis,
    email,
    first_name,
    gender,
    inscription_date,
    last_date_enetered,
    last_name,
    localisation,
    num_tel,
    status
  )
VALUES
  (
    32,
    44,
    14.864,
    'Irene Medhurst MD@gmail.com',
    'Angelita',
    0,
    '1987-08-31 17:33:33',
    '1958-02-11 10:20:32',
    'Bartell',
    'Buckridgebury',
    '(114) 946-6126 x83803',
    'online '
  );
INSERT INTO covoiturage.user (
    id,
    age,
    avis,
    email,
    first_name,
    gender,
    inscription_date,
    last_date_enetered,
    last_name,
    localisation,
    num_tel,
    status
  )
VALUES
  (
    33,
    23,
    17.737,
    'Herschel Carter@gmail.com',
    'Shane',
    1,
    '1998-03-18 11:28:30',
    '1989-10-29 05:32:20',
    'Corkery',
    'Blickborough',
    '1-965-997-8326 x845',
    'offline '
  );
INSERT INTO covoiturage.user (
    id,
    age,
    avis,
    email,
    first_name,
    gender,
    inscription_date,
    last_date_enetered,
    last_name,
    localisation,
    num_tel,
    status
  )
VALUES
  (
    34,
    18,
    12.632,
    'Doreatha Daniel@gmail.com',
    'Katelynn',
    1,
    '1999-05-22 10:11:31',
    '1983-06-08 11:05:32',
    'Wehner',
    'South Omer',
    '274-934-8751 x79005',
    'offline '
  );
INSERT INTO covoiturage.user (
    id,
    age,
    avis,
    email,
    first_name,
    gender,
    inscription_date,
    last_date_enetered,
    last_name,
    localisation,
    num_tel,
    status
  )
VALUES
  (
    35,
    23,
    11.734,
    'Dwain Lubowitz Jr.@gmail.com',
    'Annita',
    1,
    '2000-12-07 15:40:10',
    '1969-06-30 15:09:06',
    'Schuppe',
    'North Chiton',
    '1-928-677-0302',
    'online '
  );
INSERT INTO covoiturage.user (
    id,
    age,
    avis,
    email,
    first_name,
    gender,
    inscription_date,
    last_date_enetered,
    last_name,
    localisation,
    num_tel,
    status
  )
VALUES
  (
    36,
    57,
    0.513,
    'Oscar Kuhlman@gmail.com',
    'Crista',
    1,
    '1962-03-26 07:15:58',
    '1993-08-11 12:24:30',
    'Dickens',
    'East Asa',
    '1-224-377-3896',
    'online '
  );
INSERT INTO covoiturage.user (
    id,
    age,
    avis,
    email,
    first_name,
    gender,
    inscription_date,
    last_date_enetered,
    last_name,
    localisation,
    num_tel,
    status
  )
VALUES
  (
    37,
    15,
    17.685,
    'Ardella Champlin@gmail.com',
    'Queenie',
    1,
    '1962-11-06 08:13:05',
    '1988-08-04 01:30:04',
    'Kuhlman',
    'Bernamouth',
    '948-158-1288',
    'online '
  );
INSERT INTO covoiturage.user (
    id,
    age,
    avis,
    email,
    first_name,
    gender,
    inscription_date,
    last_date_enetered,
    last_name,
    localisation,
    num_tel,
    status
  )
VALUES
  (
    38,
    54,
    17.078,
    'Thomasina Bins@gmail.com',
    'Esperanza',
    0,
    '1972-06-26 19:55:43',
    '1968-08-11 23:44:32',
    'Kuvalis',
    'East Troy',
    '1-940-773-4896',
    'offline '
  );
INSERT INTO covoiturage.user (
    id,
    age,
    avis,
    email,
    first_name,
    gender,
    inscription_date,
    last_date_enetered,
    last_name,
    localisation,
    num_tel,
    status
  )
VALUES
  (
    39,
    24,
    16.139,
    'Rachal Mante@gmail.com',
    'Louisa',
    1,
    '1985-12-31 22:03:00',
    '1990-01-23 19:43:09',
    'Mosciski',
    'Port Carolann',
    '533.242.1517',
    'offline '
  );
INSERT INTO covoiturage.user (
    id,
    age,
    avis,
    email,
    first_name,
    gender,
    inscription_date,
    last_date_enetered,
    last_name,
    localisation,
    num_tel,
    status
  )
VALUES
  (
    40,
    51,
    2.215,
    'Hans Sporer@gmail.com',
    'Jacquelin',
    1,
    '1992-07-12 22:10:37',
    '1998-11-14 22:16:16',
    'Dietrich',
    'Larsonton',
    '(787) 934-2906',
    'online '
  );
INSERT INTO covoiturage.user (
    id,
    age,
    avis,
    email,
    first_name,
    gender,
    inscription_date,
    last_date_enetered,
    last_name,
    localisation,
    num_tel,
    status
  )
VALUES
  (
    41,
    58,
    8.451,
    'Mr. Ivory Fahey@gmail.com',
    'Junita',
    1,
    '1980-01-01 10:44:19',
    '1992-01-04 07:53:33',
    'Lemke',
    'Tumouth',
    '(261) 378-3921 x50476',
    'offline '
  );
INSERT INTO covoiturage.user (
    id,
    age,
    avis,
    email,
    first_name,
    gender,
    inscription_date,
    last_date_enetered,
    last_name,
    localisation,
    num_tel,
    status
  )
VALUES
  (
    42,
    64,
    4.337,
    'Frances Jacobs@gmail.com',
    'Samual',
    0,
    '1975-05-26 00:37:18',
    '1988-03-30 00:59:01',
    'Lehner',
    'Gibsonside',
    '(833) 742-4651',
    'online '
  );
INSERT INTO covoiturage.user (
    id,
    age,
    avis,
    email,
    first_name,
    gender,
    inscription_date,
    last_date_enetered,
    last_name,
    localisation,
    num_tel,
    status
  )
VALUES
  (
    43,
    49,
    0.461,
    'Mark Block@gmail.com',
    'Glenn',
    0,
    '1961-04-29 16:25:03',
    '1976-08-24 03:33:55',
    'Bailey',
    'Quitzonburgh',
    '1-109-267-2648 x553',
    'offline '
  );
INSERT INTO covoiturage.user (
    id,
    age,
    avis,
    email,
    first_name,
    gender,
    inscription_date,
    last_date_enetered,
    last_name,
    localisation,
    num_tel,
    status
  )
VALUES
  (
    44,
    12,
    8.269,
    'Dr. Vernice Hilpert@gmail.com',
    'Corrinne',
    1,
    '1984-08-08 05:14:57',
    '1977-03-25 15:15:43',
    'Batz',
    'Lavonside',
    '1-844-422-5905 x037',
    'online '
  );
INSERT INTO covoiturage.user (
    id,
    age,
    avis,
    email,
    first_name,
    gender,
    inscription_date,
    last_date_enetered,
    last_name,
    localisation,
    num_tel,
    status
  )
VALUES
  (
    45,
    49,
    8.541,
    'Major Wuckert@gmail.com',
    'Gayle',
    0,
    '1984-10-20 18:22:14',
    '1968-04-07 02:13:40',
    'Huel',
    'North Shielaberg',
    '720-020-1131 x4112',
    'offline '
  );
INSERT INTO covoiturage.user (
    id,
    age,
    avis,
    email,
    first_name,
    gender,
    inscription_date,
    last_date_enetered,
    last_name,
    localisation,
    num_tel,
    status
  )
VALUES
  (
    46,
    47,
    7.28,
    'Dollie Balistreri@gmail.com',
    'Sook',
    1,
    '1967-03-05 14:59:59',
    '1999-05-30 08:33:10',
    'Swift',
    'South Roxane',
    '114-723-9570 x308',
    'offline '
  );
INSERT INTO covoiturage.user (
    id,
    age,
    avis,
    email,
    first_name,
    gender,
    inscription_date,
    last_date_enetered,
    last_name,
    localisation,
    num_tel,
    status
  )
VALUES
  (
    47,
    15,
    2.331,
    'Guillermo Bogisich@gmail.com',
    'Major',
    0,
    '1988-12-05 17:52:57',
    '1998-09-19 04:23:57',
    'Barrows',
    'New Tomas',
    '395-473-7518',
    'online '
  );
INSERT INTO covoiturage.user (
    id,
    age,
    avis,
    email,
    first_name,
    gender,
    inscription_date,
    last_date_enetered,
    last_name,
    localisation,
    num_tel,
    status
  )
VALUES
  (
    48,
    21,
    0.994,
    'Giovanna Hilpert DDS@gmail.com',
    'Jesenia',
    1,
    '1999-09-06 02:43:43',
    '2001-09-17 17:28:43',
    'Oberbrunner',
    'Dennymouth',
    '(115) 922-2660',
    'online '
  );
INSERT INTO covoiturage.user (
    id,
    age,
    avis,
    email,
    first_name,
    gender,
    inscription_date,
    last_date_enetered,
    last_name,
    localisation,
    num_tel,
    status
  )
VALUES
  (
    49,
    18,
    0.186,
    'Dr. Elvia Kris@gmail.com',
    'Lillian',
    0,
    '1977-05-17 11:26:33',
    '1961-03-27 04:30:28',
    'Tremblay',
    'North Mertie',
    '616.271.7642 x5044',
    'online '
  );
INSERT INTO covoiturage.user (
    id,
    age,
    avis,
    email,
    first_name,
    gender,
    inscription_date,
    last_date_enetered,
    last_name,
    localisation,
    num_tel,
    status
  )
VALUES
  (
    50,
    18,
    4.469,
    'Natalie Lockman@gmail.com',
    'Genesis',
    0,
    '1992-01-09 18:10:53',
    '1970-07-23 13:40:57',
    'Champlin',
    'South Debbi',
    '083-720-1326 x64850',
    'online '
  );
INSERT INTO covoiturage.user (
    id,
    age,
    avis,
    email,
    first_name,
    gender,
    inscription_date,
    last_date_enetered,
    last_name,
    localisation,
    num_tel,
    status
  )
VALUES
  (
    51,
    34,
    11.401,
    'Jacquline Reilly Sr.@gmail.com',
    'Germaine',
    1,
    '1978-02-21 13:10:12',
    '1969-12-12 12:10:00',
    'Brakus',
    'Port Lynnland',
    '210.864.2147',
    'offline '
  );
INSERT INTO covoiturage.user (
    id,
    age,
    avis,
    email,
    first_name,
    gender,
    inscription_date,
    last_date_enetered,
    last_name,
    localisation,
    num_tel,
    status
  )
VALUES
  (
    52,
    57,
    5.75,
    'Chantal Dickinson@gmail.com',
    'Joshua',
    1,
    '1999-07-08 01:35:28',
    '1961-02-05 19:06:32',
    'Hoppe',
    'Bernierview',
    '(591) 964-1756 x48770',
    'offline '
  );
INSERT INTO covoiturage.user (
    id,
    age,
    avis,
    email,
    first_name,
    gender,
    inscription_date,
    last_date_enetered,
    last_name,
    localisation,
    num_tel,
    status
  )
VALUES
  (
    53,
    15,
    6.425,
    'Mr. Jen Schultz@gmail.com',
    'Casandra',
    0,
    '1971-11-25 14:05:20',
    '1980-05-27 04:29:37',
    'O''Reilly',
    'Sheltonberg',
    '033.257.4591',
    'offline '
  );
INSERT INTO covoiturage.user (
    id,
    age,
    avis,
    email,
    first_name,
    gender,
    inscription_date,
    last_date_enetered,
    last_name,
    localisation,
    num_tel,
    status
  )
VALUES
  (
    54,
    53,
    17.14,
    'Porter Wiegand@gmail.com',
    'Bernita',
    1,
    '1995-06-07 10:41:10',
    '1966-05-22 14:38:21',
    'McKenzie',
    'Auerton',
    '167-499-7541 x30485',
    'online '
  );
INSERT INTO covoiturage.user (
    id,
    age,
    avis,
    email,
    first_name,
    gender,
    inscription_date,
    last_date_enetered,
    last_name,
    localisation,
    num_tel,
    status
  )
VALUES
  (
    55,
    64,
    12.936,
    'Gisele Balistreri@gmail.com',
    'Janae',
    0,
    '1969-06-06 21:57:53',
    '1979-04-26 21:01:02',
    'Morissette',
    'New Samville',
    '(679) 028-7422',
    'online '
  );
INSERT INTO covoiturage.user (
    id,
    age,
    avis,
    email,
    first_name,
    gender,
    inscription_date,
    last_date_enetered,
    last_name,
    localisation,
    num_tel,
    status
  )
VALUES
  (
    56,
    30,
    17.512,
    'Nicolette Kohler@gmail.com',
    'Gwyn',
    0,
    '1966-11-09 12:21:52',
    '1982-06-09 22:32:20',
    'Gleason',
    'Schimmelburgh',
    '854-167-6950 x1840',
    'online '
  );
INSERT INTO covoiturage.user (
    id,
    age,
    avis,
    email,
    first_name,
    gender,
    inscription_date,
    last_date_enetered,
    last_name,
    localisation,
    num_tel,
    status
  )
VALUES
  (
    57,
    35,
    17.776,
    'Caryl Walker@gmail.com',
    'Del',
    0,
    '1960-02-22 16:05:05',
    '1960-03-02 04:00:48',
    'Walter',
    'North Alveraport',
    '(044) 024-7795',
    'online '
  );
INSERT INTO covoiturage.user (
    id,
    age,
    avis,
    email,
    first_name,
    gender,
    inscription_date,
    last_date_enetered,
    last_name,
    localisation,
    num_tel,
    status
  )
VALUES
  (
    58,
    56,
    9.169,
    'Marquis Baumbach@gmail.com',
    'Marylin',
    1,
    '1979-11-09 19:22:12',
    '1987-01-26 18:21:10',
    'Bahringer',
    'North Careyland',
    '531-992-5804 x396',
    'offline '
  );
INSERT INTO covoiturage.user (
    id,
    age,
    avis,
    email,
    first_name,
    gender,
    inscription_date,
    last_date_enetered,
    last_name,
    localisation,
    num_tel,
    status
  )
VALUES
  (
    59,
    61,
    13.342,
    'Jacqueline Morissette Sr.@gmail.com',
    'Kimberley',
    1,
    '1966-03-12 20:34:27',
    '1998-07-24 05:08:24',
    'Paucek',
    'Port Mamiefurt',
    '(191) 572-6551 x55617',
    'offline '
  );
INSERT INTO covoiturage.user (
    id,
    age,
    avis,
    email,
    first_name,
    gender,
    inscription_date,
    last_date_enetered,
    last_name,
    localisation,
    num_tel,
    status
  )
VALUES
  (
    60,
    53,
    10.683,
    'Pamula Kessler III@gmail.com',
    'Dewitt',
    0,
    '1986-12-26 20:39:22',
    '1979-11-07 17:27:13',
    'Collier',
    'New Andreport',
    '683.331.8063',
    'offline '
  );
INSERT INTO covoiturage.user (
    id,
    age,
    avis,
    email,
    first_name,
    gender,
    inscription_date,
    last_date_enetered,
    last_name,
    localisation,
    num_tel,
    status
  )
VALUES
  (
    61,
    21,
    13.004,
    'Young Abshire@gmail.com',
    'Leandro',
    1,
    '1975-06-05 22:37:02',
    '1963-07-12 15:23:35',
    'Ferry',
    'Reingerview',
    '1-628-683-4115 x22442',
    'online '
  );
INSERT INTO covoiturage.user (
    id,
    age,
    avis,
    email,
    first_name,
    gender,
    inscription_date,
    last_date_enetered,
    last_name,
    localisation,
    num_tel,
    status
  )
VALUES
  (
    62,
    27,
    13.68,
    'Herschel Bartell III@gmail.com',
    'Timmy',
    0,
    '1969-04-28 20:25:15',
    '1977-09-10 11:56:21',
    'Davis',
    'Vandervorttown',
    '(050) 438-1288',
    'online '
  );
INSERT INTO covoiturage.user (
    id,
    age,
    avis,
    email,
    first_name,
    gender,
    inscription_date,
    last_date_enetered,
    last_name,
    localisation,
    num_tel,
    status
  )
VALUES
  (
    63,
    38,
    14.961,
    'Corrina Douglas@gmail.com',
    'Andreas',
    1,
    '1985-02-12 04:10:13',
    '1961-12-04 11:02:29',
    'Goodwin',
    'Lake Chasfort',
    '1-471-780-9432 x4068',
    'online '
  );
INSERT INTO covoiturage.user (
    id,
    age,
    avis,
    email,
    first_name,
    gender,
    inscription_date,
    last_date_enetered,
    last_name,
    localisation,
    num_tel,
    status
  )
VALUES
  (
    64,
    50,
    1.751,
    'Dr. Edythe King@gmail.com',
    'Geraldo',
    0,
    '1956-01-06 22:23:00',
    '1974-04-06 06:43:37',
    'Bednar',
    'North Ahmed',
    '758.737.9667',
    'online '
  );
INSERT INTO covoiturage.user (
    id,
    age,
    avis,
    email,
    first_name,
    gender,
    inscription_date,
    last_date_enetered,
    last_name,
    localisation,
    num_tel,
    status
  )
VALUES
  (
    65,
    13,
    11.064,
    'Dr. Tresa Keebler@gmail.com',
    'Isreal',
    0,
    '1962-09-29 02:47:18',
    '1978-10-02 21:24:24',
    'Ryan',
    'East Phillipmouth',
    '292.202.5685 x69286',
    'offline '
  );
INSERT INTO covoiturage.user (
    id,
    age,
    avis,
    email,
    first_name,
    gender,
    inscription_date,
    last_date_enetered,
    last_name,
    localisation,
    num_tel,
    status
  )
VALUES
  (
    66,
    50,
    0.931,
    'Brianne Hammes@gmail.com',
    'Dan',
    1,
    '1996-03-31 01:35:52',
    '1999-10-01 10:57:11',
    'Kub',
    'Josephchester',
    '(842) 207-3355',
    'online '
  );
INSERT INTO covoiturage.user (
    id,
    age,
    avis,
    email,
    first_name,
    gender,
    inscription_date,
    last_date_enetered,
    last_name,
    localisation,
    num_tel,
    status
  )
VALUES
  (
    67,
    24,
    12.342,
    'Aline Gerhold@gmail.com',
    'Leigha',
    1,
    '1969-02-28 11:39:08',
    '1999-01-10 16:45:21',
    'Wintheiser',
    'Treutelland',
    '673-720-4255',
    'online '
  );
INSERT INTO covoiturage.user (
    id,
    age,
    avis,
    email,
    first_name,
    gender,
    inscription_date,
    last_date_enetered,
    last_name,
    localisation,
    num_tel,
    status
  )
VALUES
  (
    68,
    64,
    11.364,
    'Arlette Krajcik@gmail.com',
    'Freeman',
    1,
    '1972-12-12 09:47:01',
    '2001-08-06 20:13:18',
    'Kihn',
    'Port Tishashire',
    '830-429-9315',
    'offline '
  );
INSERT INTO covoiturage.user (
    id,
    age,
    avis,
    email,
    first_name,
    gender,
    inscription_date,
    last_date_enetered,
    last_name,
    localisation,
    num_tel,
    status
  )
VALUES
  (
    69,
    27,
    8.164,
    'Cruz Kozey I@gmail.com',
    'Ivan',
    0,
    '1971-10-20 18:45:51',
    '1967-06-15 05:25:08',
    'Keebler',
    'South Marceloton',
    '215.758.7785 x8771',
    'online '
  );
INSERT INTO covoiturage.user (
    id,
    age,
    avis,
    email,
    first_name,
    gender,
    inscription_date,
    last_date_enetered,
    last_name,
    localisation,
    num_tel,
    status
  )
VALUES
  (
    70,
    41,
    4.617,
    'Jimmy Hessel@gmail.com',
    'Oliver',
    0,
    '1980-12-29 19:17:29',
    '1973-10-07 04:22:59',
    'Willms',
    'Brianview',
    '849-110-9645 x04647',
    'offline '
  );
INSERT INTO covoiturage.user (
    id,
    age,
    avis,
    email,
    first_name,
    gender,
    inscription_date,
    last_date_enetered,
    last_name,
    localisation,
    num_tel,
    status
  )
VALUES
  (
    71,
    38,
    15.968,
    'Graham Dooley DVM@gmail.com',
    'Jayson',
    1,
    '1986-06-27 21:27:50',
    '1990-09-24 15:43:54',
    'Blanda',
    'Port Shelia',
    '205.179.0840 x5275',
    'online '
  );
INSERT INTO covoiturage.user (
    id,
    age,
    avis,
    email,
    first_name,
    gender,
    inscription_date,
    last_date_enetered,
    last_name,
    localisation,
    num_tel,
    status
  )
VALUES
  (
    72,
    32,
    8.045,
    'Mr. Sadye Howell@gmail.com',
    'Tamekia',
    0,
    '1966-10-20 15:50:15',
    '1965-02-19 02:44:20',
    'Runolfsdottir',
    'West Myrtis',
    '(220) 574-4380 x709',
    'online '
  );
INSERT INTO covoiturage.user (
    id,
    age,
    avis,
    email,
    first_name,
    gender,
    inscription_date,
    last_date_enetered,
    last_name,
    localisation,
    num_tel,
    status
  )
VALUES
  (
    73,
    22,
    9.314,
    'Mr. Alpha Luettgen@gmail.com',
    'Jae',
    1,
    '1976-03-08 23:52:43',
    '1981-01-22 06:54:29',
    'Hermiston',
    'Eurahaven',
    '1-117-825-3543 x59480',
    'offline '
  );
INSERT INTO covoiturage.user (
    id,
    age,
    avis,
    email,
    first_name,
    gender,
    inscription_date,
    last_date_enetered,
    last_name,
    localisation,
    num_tel,
    status
  )
VALUES
  (
    74,
    59,
    15.29,
    'Alvina Cormier@gmail.com',
    'Wayne',
    1,
    '1987-05-20 00:43:45',
    '1994-12-12 20:53:22',
    'Watsica',
    'Strosinberg',
    '798-992-4828 x808',
    'offline '
  );
INSERT INTO covoiturage.user (
    id,
    age,
    avis,
    email,
    first_name,
    gender,
    inscription_date,
    last_date_enetered,
    last_name,
    localisation,
    num_tel,
    status
  )
VALUES
  (
    75,
    28,
    4.751,
    'Rod Zemlak@gmail.com',
    'Theola',
    0,
    '1976-11-09 09:41:00',
    '1973-12-21 04:41:10',
    'Hansen',
    'Adrienemouth',
    '745.395.9846',
    'online '
  );
INSERT INTO covoiturage.user (
    id,
    age,
    avis,
    email,
    first_name,
    gender,
    inscription_date,
    last_date_enetered,
    last_name,
    localisation,
    num_tel,
    status
  )
VALUES
  (
    76,
    19,
    15.454,
    'Ronni Jones@gmail.com',
    'Loyd',
    1,
    '1955-06-22 04:46:40',
    '1964-08-17 11:31:05',
    'Beier',
    'Wilkinsonshire',
    '900.369.1946 x554',
    'online '
  );
INSERT INTO covoiturage.user (
    id,
    age,
    avis,
    email,
    first_name,
    gender,
    inscription_date,
    last_date_enetered,
    last_name,
    localisation,
    num_tel,
    status
  )
VALUES
  (
    77,
    31,
    12.29,
    'Guillermo Ortiz@gmail.com',
    'Giuseppe',
    1,
    '2001-04-04 20:49:03',
    '1973-08-31 05:07:42',
    'Ziemann',
    'Geneborough',
    '(258) 483-2267',
    'online '
  );
INSERT INTO covoiturage.user (
    id,
    age,
    avis,
    email,
    first_name,
    gender,
    inscription_date,
    last_date_enetered,
    last_name,
    localisation,
    num_tel,
    status
  )
VALUES
  (
    78,
    21,
    9.236,
    'Sunday Hartmann Jr.@gmail.com',
    'Rachael',
    0,
    '1997-07-16 01:22:28',
    '1972-11-08 13:52:19',
    'Quigley',
    'East Milan',
    '127.038.4041',
    'offline '
  );
INSERT INTO covoiturage.user (
    id,
    age,
    avis,
    email,
    first_name,
    gender,
    inscription_date,
    last_date_enetered,
    last_name,
    localisation,
    num_tel,
    status
  )
VALUES
  (
    79,
    49,
    1.077,
    'Edmund D''Amore@gmail.com',
    'Teisha',
    0,
    '1967-01-20 01:14:18',
    '1990-01-05 05:35:59',
    'O''Hara',
    'Tommyton',
    '384-833-7365 x6227',
    'offline '
  );
INSERT INTO covoiturage.user (
    id,
    age,
    avis,
    email,
    first_name,
    gender,
    inscription_date,
    last_date_enetered,
    last_name,
    localisation,
    num_tel,
    status
  )
VALUES
  (
    80,
    39,
    16.852,
    'Carlo Koepp@gmail.com',
    'Magan',
    1,
    '1974-07-11 01:47:57',
    '1992-01-15 13:50:06',
    'Halvorson',
    'Alvinshire',
    '727.273.8142 x8388',
    'offline '
  );
INSERT INTO covoiturage.user (
    id,
    age,
    avis,
    email,
    first_name,
    gender,
    inscription_date,
    last_date_enetered,
    last_name,
    localisation,
    num_tel,
    status
  )
VALUES
  (
    81,
    61,
    13.75,
    'Ms. Lettie Nader@gmail.com',
    'Jonas',
    1,
    '1976-08-21 19:04:50',
    '1979-03-27 10:22:01',
    'Tremblay',
    'Framibury',
    '843-418-2985 x78764',
    'offline '
  );
INSERT INTO covoiturage.user (
    id,
    age,
    avis,
    email,
    first_name,
    gender,
    inscription_date,
    last_date_enetered,
    last_name,
    localisation,
    num_tel,
    status
  )
VALUES
  (
    82,
    12,
    13.636,
    'Davis Turcotte@gmail.com',
    'Fae',
    0,
    '1979-08-07 03:49:00',
    '1984-01-29 04:32:35',
    'Mann',
    'Nitzschefort',
    '000.321.5521 x387',
    'online '
  );
INSERT INTO covoiturage.user (
    id,
    age,
    avis,
    email,
    first_name,
    gender,
    inscription_date,
    last_date_enetered,
    last_name,
    localisation,
    num_tel,
    status
  )
VALUES
  (
    83,
    43,
    9.061,
    'Chuck Kulas@gmail.com',
    'Richelle',
    1,
    '1968-10-04 00:58:54',
    '1993-07-18 15:39:20',
    'Tillman',
    'East Lawanda',
    '435-601-8496 x510',
    'offline '
  );
INSERT INTO covoiturage.user (
    id,
    age,
    avis,
    email,
    first_name,
    gender,
    inscription_date,
    last_date_enetered,
    last_name,
    localisation,
    num_tel,
    status
  )
VALUES
  (
    84,
    23,
    1.867,
    'Wayne Blanda@gmail.com',
    'Tod',
    1,
    '1975-11-14 18:25:32',
    '1991-08-24 12:54:24',
    'White',
    'West Clarisaview',
    '682.558.9884 x7717',
    'offline '
  );
INSERT INTO covoiturage.user (
    id,
    age,
    avis,
    email,
    first_name,
    gender,
    inscription_date,
    last_date_enetered,
    last_name,
    localisation,
    num_tel,
    status
  )
VALUES
  (
    85,
    25,
    10.862,
    'Miss Deloise Little@gmail.com',
    'Ailene',
    1,
    '1996-10-22 12:22:38',
    '1979-08-31 01:22:26',
    'Ernser',
    'New Zacharymouth',
    '704.199.0002 x3324',
    'offline '
  );
INSERT INTO covoiturage.user (
    id,
    age,
    avis,
    email,
    first_name,
    gender,
    inscription_date,
    last_date_enetered,
    last_name,
    localisation,
    num_tel,
    status
  )
VALUES
  (
    86,
    51,
    14.029,
    'Eloy Kihn DDS@gmail.com',
    'Rueben',
    1,
    '1990-09-01 14:42:07',
    '1966-06-22 10:27:27',
    'Osinski',
    'Mrazchester',
    '348.245.3498 x5029',
    'offline '
  );
INSERT INTO covoiturage.user (
    id,
    age,
    avis,
    email,
    first_name,
    gender,
    inscription_date,
    last_date_enetered,
    last_name,
    localisation,
    num_tel,
    status
  )
VALUES
  (
    87,
    61,
    13.81,
    'Felecia Rosenbaum@gmail.com',
    'Emory',
    0,
    '1991-11-14 06:45:09',
    '1958-05-19 02:27:58',
    'Dibbert',
    'Pingburgh',
    '881.991.4560',
    'online '
  );
INSERT INTO covoiturage.user (
    id,
    age,
    avis,
    email,
    first_name,
    gender,
    inscription_date,
    last_date_enetered,
    last_name,
    localisation,
    num_tel,
    status
  )
VALUES
  (
    88,
    53,
    0.128,
    'Nolan Dooley@gmail.com',
    'Angelyn',
    0,
    '1971-10-30 16:01:59',
    '1960-06-19 16:41:15',
    'Rau',
    'West Elbertbury',
    '1-708-148-8239 x309',
    'offline '
  );
INSERT INTO covoiturage.user (
    id,
    age,
    avis,
    email,
    first_name,
    gender,
    inscription_date,
    last_date_enetered,
    last_name,
    localisation,
    num_tel,
    status
  )
VALUES
  (
    89,
    12,
    6.561,
    'Mrs. Sharonda Sipes@gmail.com',
    'Maxwell',
    1,
    '1962-08-18 02:05:21',
    '1956-05-20 23:15:41',
    'Marks',
    'East Waltonmouth',
    '(999) 928-6305 x43711',
    'online '
  );
INSERT INTO covoiturage.user (
    id,
    age,
    avis,
    email,
    first_name,
    gender,
    inscription_date,
    last_date_enetered,
    last_name,
    localisation,
    num_tel,
    status
  )
VALUES
  (
    90,
    32,
    10.721,
    'Dr. Willy Wunsch@gmail.com',
    'Peggie',
    1,
    '1985-10-24 13:16:52',
    '1993-05-17 10:41:12',
    'Rowe',
    'West Rosalia',
    '304-501-7049 x021',
    'offline '
  );
INSERT INTO covoiturage.user (
    id,
    age,
    avis,
    email,
    first_name,
    gender,
    inscription_date,
    last_date_enetered,
    last_name,
    localisation,
    num_tel,
    status
  )
VALUES
  (
    91,
    26,
    14.74,
    'Juli Brekke@gmail.com',
    'Emmie',
    1,
    '1991-12-29 11:13:47',
    '1982-05-03 08:33:57',
    'Feest',
    'Ericaborough',
    '(703) 782-4934 x371',
    'offline '
  );
INSERT INTO covoiturage.user (
    id,
    age,
    avis,
    email,
    first_name,
    gender,
    inscription_date,
    last_date_enetered,
    last_name,
    localisation,
    num_tel,
    status
  )
VALUES
  (
    92,
    36,
    14.675,
    'Carmelita Paucek Jr.@gmail.com',
    'Marcus',
    1,
    '1974-10-10 00:59:26',
    '1974-06-19 22:42:44',
    'Shanahan',
    'North Jeraldine',
    '(235) 381-0353 x9613',
    'online '
  );
INSERT INTO covoiturage.user (
    id,
    age,
    avis,
    email,
    first_name,
    gender,
    inscription_date,
    last_date_enetered,
    last_name,
    localisation,
    num_tel,
    status
  )
VALUES
  (
    93,
    24,
    5.182,
    'Odilia Rosenbaum@gmail.com',
    'Cedric',
    1,
    '1970-10-19 06:08:06',
    '1996-12-30 02:48:15',
    'Bogisich',
    'New Rickport',
    '225-917-7581',
    'online '
  );
INSERT INTO covoiturage.user (
    id,
    age,
    avis,
    email,
    first_name,
    gender,
    inscription_date,
    last_date_enetered,
    last_name,
    localisation,
    num_tel,
    status
  )
VALUES
  (
    94,
    55,
    16.112,
    'Bernita Wehner MD@gmail.com',
    'Buford',
    0,
    '1961-08-02 12:51:34',
    '1974-09-18 07:00:23',
    'Raynor',
    'Port Conchitaport',
    '284.412.1006 x3992',
    'online '
  );
INSERT INTO covoiturage.user (
    id,
    age,
    avis,
    email,
    first_name,
    gender,
    inscription_date,
    last_date_enetered,
    last_name,
    localisation,
    num_tel,
    status
  )
VALUES
  (
    95,
    11,
    8.682,
    'Ivy Harris@gmail.com',
    'Gregory',
    0,
    '1957-07-19 07:07:08',
    '1995-11-20 00:43:39',
    'Kulas',
    'Tiannahaven',
    '(184) 156-9679',
    'offline '
  );
INSERT INTO covoiturage.user (
    id,
    age,
    avis,
    email,
    first_name,
    gender,
    inscription_date,
    last_date_enetered,
    last_name,
    localisation,
    num_tel,
    status
  )
VALUES
  (
    96,
    18,
    12.836,
    'Brian Kautzer@gmail.com',
    'Roma',
    1,
    '2000-12-23 16:19:22',
    '1955-06-23 14:30:45',
    'Sauer',
    'Maxwellberg',
    '869-787-5868 x35221',
    'offline '
  );
INSERT INTO covoiturage.user (
    id,
    age,
    avis,
    email,
    first_name,
    gender,
    inscription_date,
    last_date_enetered,
    last_name,
    localisation,
    num_tel,
    status
  )
VALUES
  (
    97,
    18,
    1.433,
    'Joycelyn Boehm@gmail.com',
    'Dan',
    1,
    '1956-09-20 15:00:58',
    '1974-07-20 11:05:39',
    'Larkin',
    'Gleasonfurt',
    '771.310.1508 x645',
    'offline '
  );
INSERT INTO covoiturage.user (
    id,
    age,
    avis,
    email,
    first_name,
    gender,
    inscription_date,
    last_date_enetered,
    last_name,
    localisation,
    num_tel,
    status
  )
VALUES
  (
    98,
    37,
    6.668,
    'Lorene Rosenbaum II@gmail.com',
    'Love',
    0,
    '1983-08-11 06:02:48',
    '1982-02-26 05:39:17',
    'Ernser',
    'Lake Sharolyn',
    '1-500-967-9910',
    'online '
  );
INSERT INTO covoiturage.user (
    id,
    age,
    avis,
    email,
    first_name,
    gender,
    inscription_date,
    last_date_enetered,
    last_name,
    localisation,
    num_tel,
    status
  )
VALUES
  (
    99,
    23,
    16.954,
    'Dr. Evette Pouros@gmail.com',
    'Sheridan',
    0,
    '1983-03-08 14:46:26',
    '1976-03-25 18:39:09',
    'Schroeder',
    'Johnniefurt',
    '484-412-6030 x69112',
    'offline '
  );
INSERT INTO covoiturage.user (
    id,
    age,
    avis,
    email,
    first_name,
    gender,
    inscription_date,
    last_date_enetered,
    last_name,
    localisation,
    num_tel,
    status
  )
VALUES
  (
    100,
    15,
    12.25,
    'Mr. Denese Batz@gmail.com',
    'Trenton',
    0,
    '1968-02-21 09:39:34',
    '2001-11-09 11:36:21',
    'Willms',
    'New Budfort',
    '959.452.6206 x464',
    'offline '
  );
INSERT INTO covoiturage.user (
    id,
    age,
    avis,
    email,
    first_name,
    gender,
    inscription_date,
    last_date_enetered,
    last_name,
    localisation,
    num_tel,
    status
  )
VALUES
  (
    101,
    33,
    4.626,
    'Jeromy Price@gmail.com',
    'Tim',
    1,
    '1965-07-01 19:17:21',
    '1968-12-29 08:53:40',
    'Tremblay',
    'Edisonland',
    '830-710-0862',
    'online '
  );
INSERT INTO covoiturage.user (
    id,
    age,
    avis,
    email,
    first_name,
    gender,
    inscription_date,
    last_date_enetered,
    last_name,
    localisation,
    num_tel,
    status
  )
VALUES
  (
    102,
    53,
    0.556,
    'Tomeka Kunze@gmail.com',
    'Robert',
    0,
    '1979-09-12 17:07:38',
    '1988-03-06 15:24:10',
    'Stroman',
    'Joelstad',
    '516-424-8358 x667',
    'online '
  );
INSERT INTO covoiturage.user (
    id,
    age,
    avis,
    email,
    first_name,
    gender,
    inscription_date,
    last_date_enetered,
    last_name,
    localisation,
    num_tel,
    status
  )
VALUES
  (
    103,
    25,
    15.332,
    'Linwood Bergstrom@gmail.com',
    'Jayson',
    1,
    '1982-03-28 15:36:51',
    '2000-03-18 08:47:52',
    'Leannon',
    'Starktown',
    '1-100-629-8115',
    'online '
  );
INSERT INTO covoiturage.user (
    id,
    age,
    avis,
    email,
    first_name,
    gender,
    inscription_date,
    last_date_enetered,
    last_name,
    localisation,
    num_tel,
    status
  )
VALUES
  (
    104,
    51,
    3.93,
    'Dyan DuBuque MD@gmail.com',
    'Mike',
    0,
    '1992-10-11 03:33:04',
    '1994-12-12 02:15:41',
    'Walsh',
    'Greenfelderhaven',
    '316.718.2364 x12044',
    'online '
  );
INSERT INTO covoiturage.user (
    id,
    age,
    avis,
    email,
    first_name,
    gender,
    inscription_date,
    last_date_enetered,
    last_name,
    localisation,
    num_tel,
    status
  )
VALUES
  (
    105,
    32,
    11.307,
    'Leland Schiller@gmail.com',
    'Fletcher',
    0,
    '1977-06-28 18:34:32',
    '1997-01-22 10:08:47',
    'Balistreri',
    'East Valentineport',
    '(400) 303-0771 x89672',
    'offline '
  );
INSERT INTO covoiturage.user (
    id,
    age,
    avis,
    email,
    first_name,
    gender,
    inscription_date,
    last_date_enetered,
    last_name,
    localisation,
    num_tel,
    status
  )
VALUES
  (
    106,
    24,
    4.792,
    'Georgianne Walker@gmail.com',
    'Kira',
    0,
    '1972-10-18 20:02:53',
    '1956-12-23 21:46:31',
    'Marks',
    'Christiansenmouth',
    '(524) 296-2935 x94748',
    'online '
  );
INSERT INTO covoiturage.user (
    id,
    age,
    avis,
    email,
    first_name,
    gender,
    inscription_date,
    last_date_enetered,
    last_name,
    localisation,
    num_tel,
    status
  )
VALUES
  (
    107,
    37,
    0.511,
    'Royce Daniel@gmail.com',
    'Kurt',
    1,
    '1986-08-29 01:47:15',
    '1992-11-06 16:55:39',
    'Hodkiewicz',
    'Grahamstad',
    '1-902-472-4588 x089',
    'online '
  );
INSERT INTO covoiturage.user (
    id,
    age,
    avis,
    email,
    first_name,
    gender,
    inscription_date,
    last_date_enetered,
    last_name,
    localisation,
    num_tel,
    status
  )
VALUES
  (
    108,
    59,
    2.203,
    'Merlin Gislason@gmail.com',
    'Taunya',
    1,
    '1976-02-17 17:42:17',
    '2000-07-30 11:17:08',
    'Bergstrom',
    'Port Merlechester',
    '(685) 253-2879',
    'online '
  );
INSERT INTO covoiturage.covoiturage (
    id,
    datedepart,
    description,
    is_fumer,
    nbr_place_dispo,
    price,
    gouv_arr_id,
    gouv_dep_id,
    user_id,
    ville_arr_id,
    ville_dep_id
  )
VALUES
  (
    121,
    '2020-03-29 14:16:11',
    'test',
    false,
    10,
    5,
    6,
    2,
    20,
    113,
    1
  );
INSERT INTO covoiturage.covoiturage (
    id,
    datedepart,
    description,
    is_fumer,
    nbr_place_dispo,
    price,
    gouv_arr_id,
    gouv_dep_id,
    user_id,
    ville_arr_id,
    ville_dep_id
  )
VALUES
  (
    122,
    '2020-03-29 14:16:11',
    'test',
    false,
    10,
    5,
    6,
    8,
    20,
    113,
    117
  );
INSERT INTO covoiturage.covoiturage (
    id,
    datedepart,
    description,
    is_fumer,
    nbr_place_dispo,
    price,
    gouv_arr_id,
    gouv_dep_id,
    user_id,
    ville_arr_id,
    ville_dep_id
  )
VALUES
  (
    123,
    '2020-03-29 14:16:11',
    'test',
    false,
    10,
    5,
    4,
    8,
    20,
    112,
    117
  );
INSERT INTO covoiturage.covoiturage (
    id,
    datedepart,
    description,
    is_fumer,
    nbr_place_dispo,
    price,
    gouv_arr_id,
    gouv_dep_id,
    user_id,
    ville_arr_id,
    ville_dep_id
  )
VALUES
  (
    124,
    '3920-03-13 07:26:18',
    'placeholder placeholder placeholder placeholder ',
    false,
    1,
    22.7,
    6,
    8,
    83,
    113,
    118
  );
INSERT INTO covoiturage.covoiturage (
    id,
    datedepart,
    description,
    is_fumer,
    nbr_place_dispo,
    price,
    gouv_arr_id,
    gouv_dep_id,
    user_id,
    ville_arr_id,
    ville_dep_id
  )
VALUES
  (
    125,
    '3920-10-12 08:47:02',
    'placeholder placeholder placeholder placeholder ',
    true,
    1,
    29.6,
    6,
    4,
    18,
    114,
    109
  );
INSERT INTO covoiturage.covoiturage (
    id,
    datedepart,
    description,
    is_fumer,
    nbr_place_dispo,
    price,
    gouv_arr_id,
    gouv_dep_id,
    user_id,
    ville_arr_id,
    ville_dep_id
  )
VALUES
  (
    126,
    '3920-03-20 07:17:42',
    'placeholder placeholder placeholder placeholder ',
    true,
    4,
    45.2,
    6,
    6,
    18,
    5,
    114
  );
INSERT INTO covoiturage.covoiturage (
    id,
    datedepart,
    description,
    is_fumer,
    nbr_place_dispo,
    price,
    gouv_arr_id,
    gouv_dep_id,
    user_id,
    ville_arr_id,
    ville_dep_id
  )
VALUES
  (
    127,
    '3920-05-20 08:41:23',
    'placeholder placeholder placeholder placeholder ',
    false,
    4,
    19.5,
    8,
    4,
    92,
    117,
    109
  );
INSERT INTO covoiturage.covoiturage (
    id,
    datedepart,
    description,
    is_fumer,
    nbr_place_dispo,
    price,
    gouv_arr_id,
    gouv_dep_id,
    user_id,
    ville_arr_id,
    ville_dep_id
  )
VALUES
  (
    128,
    '3920-10-09 12:16:00',
    'placeholder placeholder placeholder placeholder ',
    false,
    3,
    29.2,
    8,
    6,
    15,
    120,
    116
  );
INSERT INTO covoiturage.covoiturage (
    id,
    datedepart,
    description,
    is_fumer,
    nbr_place_dispo,
    price,
    gouv_arr_id,
    gouv_dep_id,
    user_id,
    ville_arr_id,
    ville_dep_id
  )
VALUES
  (
    129,
    '3920-05-02 03:18:38',
    'placeholder placeholder placeholder placeholder ',
    false,
    4,
    14.6,
    4,
    8,
    76,
    109,
    119
  );
INSERT INTO covoiturage.covoiturage (
    id,
    datedepart,
    description,
    is_fumer,
    nbr_place_dispo,
    price,
    gouv_arr_id,
    gouv_dep_id,
    user_id,
    ville_arr_id,
    ville_dep_id
  )
VALUES
  (
    130,
    '3919-02-03 12:28:14',
    'placeholder placeholder placeholder placeholder ',
    false,
    4,
    48.3,
    6,
    8,
    78,
    115,
    117
  );
INSERT INTO covoiturage.covoiturage (
    id,
    datedepart,
    description,
    is_fumer,
    nbr_place_dispo,
    price,
    gouv_arr_id,
    gouv_dep_id,
    user_id,
    ville_arr_id,
    ville_dep_id
  )
VALUES
  (
    131,
    '3919-05-27 00:19:26',
    'placeholder placeholder placeholder placeholder ',
    false,
    2,
    30.6,
    6,
    4,
    98,
    113,
    109
  );
INSERT INTO covoiturage.covoiturage (
    id,
    datedepart,
    description,
    is_fumer,
    nbr_place_dispo,
    price,
    gouv_arr_id,
    gouv_dep_id,
    user_id,
    ville_arr_id,
    ville_dep_id
  )
VALUES
  (
    132,
    '3920-05-14 02:20:58',
    'placeholder placeholder placeholder placeholder ',
    true,
    1,
    17.7,
    8,
    4,
    38,
    7,
    109
  );
INSERT INTO covoiturage.covoiturage (
    id,
    datedepart,
    description,
    is_fumer,
    nbr_place_dispo,
    price,
    gouv_arr_id,
    gouv_dep_id,
    user_id,
    ville_arr_id,
    ville_dep_id
  )
VALUES
  (
    133,
    '3920-04-21 09:03:55',
    'placeholder placeholder placeholder placeholder ',
    false,
    4,
    12.8,
    6,
    8,
    41,
    113,
    118
  );
INSERT INTO covoiturage.covoiturage (
    id,
    datedepart,
    description,
    is_fumer,
    nbr_place_dispo,
    price,
    gouv_arr_id,
    gouv_dep_id,
    user_id,
    ville_arr_id,
    ville_dep_id
  )
VALUES
  (
    134,
    '3919-08-24 23:22:42',
    'placeholder placeholder placeholder placeholder ',
    true,
    4,
    34,
    8,
    4,
    57,
    7,
    112
  );
INSERT INTO covoiturage.covoiturage (
    id,
    datedepart,
    description,
    is_fumer,
    nbr_place_dispo,
    price,
    gouv_arr_id,
    gouv_dep_id,
    user_id,
    ville_arr_id,
    ville_dep_id
  )
VALUES
  (
    135,
    '3920-04-20 00:29:29',
    'placeholder placeholder placeholder placeholder ',
    false,
    4,
    26.4,
    4,
    4,
    36,
    110,
    3
  );
INSERT INTO covoiturage.covoiturage (
    id,
    datedepart,
    description,
    is_fumer,
    nbr_place_dispo,
    price,
    gouv_arr_id,
    gouv_dep_id,
    user_id,
    ville_arr_id,
    ville_dep_id
  )
VALUES
  (
    136,
    '3919-05-05 22:48:30',
    'placeholder placeholder placeholder placeholder ',
    false,
    2,
    24.4,
    6,
    8,
    49,
    115,
    119
  );
INSERT INTO covoiturage.covoiturage (
    id,
    datedepart,
    description,
    is_fumer,
    nbr_place_dispo,
    price,
    gouv_arr_id,
    gouv_dep_id,
    user_id,
    ville_arr_id,
    ville_dep_id
  )
VALUES
  (
    137,
    '3920-11-04 09:01:38',
    'placeholder placeholder placeholder placeholder ',
    true,
    4,
    13.4,
    6,
    8,
    89,
    116,
    118
  );
INSERT INTO covoiturage.covoiturage (
    id,
    datedepart,
    description,
    is_fumer,
    nbr_place_dispo,
    price,
    gouv_arr_id,
    gouv_dep_id,
    user_id,
    ville_arr_id,
    ville_dep_id
  )
VALUES
  (
    138,
    '3919-06-11 21:34:41',
    'placeholder placeholder placeholder placeholder ',
    false,
    4,
    48.5,
    8,
    4,
    56,
    117,
    110
  );
INSERT INTO covoiturage.covoiturage (
    id,
    datedepart,
    description,
    is_fumer,
    nbr_place_dispo,
    price,
    gouv_arr_id,
    gouv_dep_id,
    user_id,
    ville_arr_id,
    ville_dep_id
  )
VALUES
  (
    139,
    '3920-01-11 10:20:55',
    'placeholder placeholder placeholder placeholder ',
    true,
    2,
    23.8,
    4,
    8,
    97,
    112,
    118
  );
INSERT INTO covoiturage.covoiturage (
    id,
    datedepart,
    description,
    is_fumer,
    nbr_place_dispo,
    price,
    gouv_arr_id,
    gouv_dep_id,
    user_id,
    ville_arr_id,
    ville_dep_id
  )
VALUES
  (
    140,
    '3919-12-21 07:08:59',
    'placeholder placeholder placeholder placeholder ',
    false,
    4,
    16,
    2,
    4,
    59,
    1,
    109
  );
INSERT INTO covoiturage.covoiturage (
    id,
    datedepart,
    description,
    is_fumer,
    nbr_place_dispo,
    price,
    gouv_arr_id,
    gouv_dep_id,
    user_id,
    ville_arr_id,
    ville_dep_id
  )
VALUES
  (
    141,
    '3920-09-30 03:47:41',
    'placeholder placeholder placeholder placeholder ',
    true,
    2,
    15.9,
    4,
    8,
    100,
    111,
    118
  );
INSERT INTO covoiturage.covoiturage (
    id,
    datedepart,
    description,
    is_fumer,
    nbr_place_dispo,
    price,
    gouv_arr_id,
    gouv_dep_id,
    user_id,
    ville_arr_id,
    ville_dep_id
  )
VALUES
  (
    142,
    '3919-07-01 01:15:34',
    'placeholder placeholder placeholder placeholder ',
    false,
    1,
    38.4,
    8,
    2,
    63,
    119,
    1
  );
INSERT INTO covoiturage.covoiturage (
    id,
    datedepart,
    description,
    is_fumer,
    nbr_place_dispo,
    price,
    gouv_arr_id,
    gouv_dep_id,
    user_id,
    ville_arr_id,
    ville_dep_id
  )
VALUES
  (
    143,
    '3919-09-05 16:01:13',
    'placeholder placeholder placeholder placeholder ',
    true,
    4,
    20.2,
    8,
    8,
    71,
    7,
    117
  );
INSERT INTO covoiturage.covoiturage (
    id,
    datedepart,
    description,
    is_fumer,
    nbr_place_dispo,
    price,
    gouv_arr_id,
    gouv_dep_id,
    user_id,
    ville_arr_id,
    ville_dep_id
  )
VALUES
  (
    144,
    '3920-01-24 05:07:18',
    'placeholder placeholder placeholder placeholder ',
    false,
    4,
    11.8,
    8,
    6,
    18,
    120,
    114
  );
INSERT INTO covoiturage.covoiturage (
    id,
    datedepart,
    description,
    is_fumer,
    nbr_place_dispo,
    price,
    gouv_arr_id,
    gouv_dep_id,
    user_id,
    ville_arr_id,
    ville_dep_id
  )
VALUES
  (
    145,
    '3919-10-14 09:42:09',
    'placeholder placeholder placeholder placeholder ',
    false,
    2,
    38.4,
    4,
    8,
    29,
    3,
    119
  );
INSERT INTO covoiturage.covoiturage (
    id,
    datedepart,
    description,
    is_fumer,
    nbr_place_dispo,
    price,
    gouv_arr_id,
    gouv_dep_id,
    user_id,
    ville_arr_id,
    ville_dep_id
  )
VALUES
  (
    146,
    '3920-01-03 10:27:00',
    'placeholder placeholder placeholder placeholder ',
    false,
    2,
    20.2,
    8,
    8,
    38,
    119,
    118
  );
INSERT INTO covoiturage.covoiturage (
    id,
    datedepart,
    description,
    is_fumer,
    nbr_place_dispo,
    price,
    gouv_arr_id,
    gouv_dep_id,
    user_id,
    ville_arr_id,
    ville_dep_id
  )
VALUES
  (
    147,
    '3920-06-05 02:53:31',
    'placeholder placeholder placeholder placeholder ',
    true,
    4,
    42.9,
    4,
    8,
    57,
    3,
    119
  );
INSERT INTO covoiturage.covoiturage (
    id,
    datedepart,
    description,
    is_fumer,
    nbr_place_dispo,
    price,
    gouv_arr_id,
    gouv_dep_id,
    user_id,
    ville_arr_id,
    ville_dep_id
  )
VALUES
  (
    148,
    '3920-12-18 17:17:27',
    'placeholder placeholder placeholder placeholder ',
    false,
    2,
    21.1,
    8,
    4,
    87,
    117,
    110
  );
INSERT INTO covoiturage.covoiturage (
    id,
    datedepart,
    description,
    is_fumer,
    nbr_place_dispo,
    price,
    gouv_arr_id,
    gouv_dep_id,
    user_id,
    ville_arr_id,
    ville_dep_id
  )
VALUES
  (
    149,
    '3919-08-08 18:39:49',
    'placeholder placeholder placeholder placeholder ',
    true,
    3,
    20.3,
    4,
    6,
    17,
    3,
    5
  );
INSERT INTO covoiturage.covoiturage (
    id,
    datedepart,
    description,
    is_fumer,
    nbr_place_dispo,
    price,
    gouv_arr_id,
    gouv_dep_id,
    user_id,
    ville_arr_id,
    ville_dep_id
  )
VALUES
  (
    150,
    '3920-06-02 08:35:35',
    'placeholder placeholder placeholder placeholder ',
    true,
    3,
    19.5,
    2,
    8,
    32,
    1,
    120
  );
INSERT INTO covoiturage.covoiturage (
    id,
    datedepart,
    description,
    is_fumer,
    nbr_place_dispo,
    price,
    gouv_arr_id,
    gouv_dep_id,
    user_id,
    ville_arr_id,
    ville_dep_id
  )
VALUES
  (
    151,
    '3920-02-01 23:00:54',
    'placeholder placeholder placeholder placeholder ',
    true,
    2,
    34.3,
    8,
    6,
    17,
    119,
    113
  );
INSERT INTO covoiturage.covoiturage (
    id,
    datedepart,
    description,
    is_fumer,
    nbr_place_dispo,
    price,
    gouv_arr_id,
    gouv_dep_id,
    user_id,
    ville_arr_id,
    ville_dep_id
  )
VALUES
  (
    152,
    '3921-01-08 22:43:44',
    'placeholder placeholder placeholder placeholder ',
    true,
    1,
    12.3,
    8,
    4,
    52,
    117,
    110
  );
INSERT INTO covoiturage.covoiturage (
    id,
    datedepart,
    description,
    is_fumer,
    nbr_place_dispo,
    price,
    gouv_arr_id,
    gouv_dep_id,
    user_id,
    ville_arr_id,
    ville_dep_id
  )
VALUES
  (
    153,
    '3919-10-17 13:34:20',
    'placeholder placeholder placeholder placeholder ',
    true,
    4,
    10.1,
    4,
    4,
    92,
    3,
    109
  );
INSERT INTO covoiturage.covoiturage (
    id,
    datedepart,
    description,
    is_fumer,
    nbr_place_dispo,
    price,
    gouv_arr_id,
    gouv_dep_id,
    user_id,
    ville_arr_id,
    ville_dep_id
  )
VALUES
  (
    154,
    '3919-03-03 04:44:56',
    'placeholder placeholder placeholder placeholder ',
    true,
    4,
    49.6,
    4,
    8,
    95,
    111,
    119
  );
INSERT INTO covoiturage.covoiturage (
    id,
    datedepart,
    description,
    is_fumer,
    nbr_place_dispo,
    price,
    gouv_arr_id,
    gouv_dep_id,
    user_id,
    ville_arr_id,
    ville_dep_id
  )
VALUES
  (
    155,
    '3919-11-07 18:08:04',
    'placeholder placeholder placeholder placeholder ',
    false,
    4,
    15,
    6,
    6,
    10,
    116,
    114
  );
INSERT INTO covoiturage.covoiturage (
    id,
    datedepart,
    description,
    is_fumer,
    nbr_place_dispo,
    price,
    gouv_arr_id,
    gouv_dep_id,
    user_id,
    ville_arr_id,
    ville_dep_id
  )
VALUES
  (
    156,
    '3919-05-26 07:49:14',
    'placeholder placeholder placeholder placeholder ',
    false,
    2,
    17.6,
    4,
    4,
    24,
    111,
    3
  );
INSERT INTO covoiturage.covoiturage (
    id,
    datedepart,
    description,
    is_fumer,
    nbr_place_dispo,
    price,
    gouv_arr_id,
    gouv_dep_id,
    user_id,
    ville_arr_id,
    ville_dep_id
  )
VALUES
  (
    157,
    '3920-06-03 04:58:03',
    'placeholder placeholder placeholder placeholder ',
    true,
    4,
    1.9,
    4,
    8,
    81,
    110,
    118
  );
INSERT INTO covoiturage.covoiturage (
    id,
    datedepart,
    description,
    is_fumer,
    nbr_place_dispo,
    price,
    gouv_arr_id,
    gouv_dep_id,
    user_id,
    ville_arr_id,
    ville_dep_id
  )
VALUES
  (
    158,
    '3919-06-10 08:08:33',
    'placeholder placeholder placeholder placeholder ',
    false,
    4,
    29.2,
    6,
    8,
    39,
    116,
    117
  );
INSERT INTO covoiturage.covoiturage (
    id,
    datedepart,
    description,
    is_fumer,
    nbr_place_dispo,
    price,
    gouv_arr_id,
    gouv_dep_id,
    user_id,
    ville_arr_id,
    ville_dep_id
  )
VALUES
  (
    159,
    '3920-11-19 02:40:20',
    'placeholder placeholder placeholder placeholder ',
    true,
    2,
    7.3,
    4,
    8,
    35,
    3,
    120
  );
INSERT INTO covoiturage.covoiturage (
    id,
    datedepart,
    description,
    is_fumer,
    nbr_place_dispo,
    price,
    gouv_arr_id,
    gouv_dep_id,
    user_id,
    ville_arr_id,
    ville_dep_id
  )
VALUES
  (
    160,
    '3919-04-05 19:27:18',
    'placeholder placeholder placeholder placeholder ',
    false,
    4,
    44.5,
    6,
    6,
    27,
    114,
    116
  );
INSERT INTO covoiturage.covoiturage (
    id,
    datedepart,
    description,
    is_fumer,
    nbr_place_dispo,
    price,
    gouv_arr_id,
    gouv_dep_id,
    user_id,
    ville_arr_id,
    ville_dep_id
  )
VALUES
  (
    161,
    '3919-10-01 09:32:29',
    'placeholder placeholder placeholder placeholder ',
    true,
    3,
    11.6,
    8,
    8,
    103,
    119,
    7
  );
INSERT INTO covoiturage.covoiturage (
    id,
    datedepart,
    description,
    is_fumer,
    nbr_place_dispo,
    price,
    gouv_arr_id,
    gouv_dep_id,
    user_id,
    ville_arr_id,
    ville_dep_id
  )
VALUES
  (
    162,
    '3919-03-16 04:28:35',
    'placeholder placeholder placeholder placeholder ',
    false,
    4,
    25.8,
    6,
    2,
    27,
    5,
    1
  );
INSERT INTO covoiturage.covoiturage (
    id,
    datedepart,
    description,
    is_fumer,
    nbr_place_dispo,
    price,
    gouv_arr_id,
    gouv_dep_id,
    user_id,
    ville_arr_id,
    ville_dep_id
  )
VALUES
  (
    163,
    '3919-09-01 13:00:26',
    'placeholder placeholder placeholder placeholder ',
    true,
    2,
    24.4,
    8,
    4,
    74,
    120,
    112
  );
INSERT INTO covoiturage.covoiturage (
    id,
    datedepart,
    description,
    is_fumer,
    nbr_place_dispo,
    price,
    gouv_arr_id,
    gouv_dep_id,
    user_id,
    ville_arr_id,
    ville_dep_id
  )
VALUES
  (
    164,
    '3919-04-19 20:36:10',
    'placeholder placeholder placeholder placeholder ',
    true,
    3,
    33.3,
    8,
    8,
    24,
    120,
    117
  );
INSERT INTO covoiturage.covoiturage (
    id,
    datedepart,
    description,
    is_fumer,
    nbr_place_dispo,
    price,
    gouv_arr_id,
    gouv_dep_id,
    user_id,
    ville_arr_id,
    ville_dep_id
  )
VALUES
  (
    165,
    '3919-12-17 14:24:48',
    'placeholder placeholder placeholder placeholder ',
    true,
    3,
    3.3,
    4,
    4,
    98,
    109,
    110
  );
INSERT INTO covoiturage.covoiturage (
    id,
    datedepart,
    description,
    is_fumer,
    nbr_place_dispo,
    price,
    gouv_arr_id,
    gouv_dep_id,
    user_id,
    ville_arr_id,
    ville_dep_id
  )
VALUES
  (
    166,
    '3919-03-16 01:49:57',
    'placeholder placeholder placeholder placeholder ',
    true,
    4,
    45.4,
    8,
    8,
    22,
    117,
    118
  );
INSERT INTO covoiturage.covoiturage (
    id,
    datedepart,
    description,
    is_fumer,
    nbr_place_dispo,
    price,
    gouv_arr_id,
    gouv_dep_id,
    user_id,
    ville_arr_id,
    ville_dep_id
  )
VALUES
  (
    167,
    '3920-11-10 13:33:34',
    'placeholder placeholder placeholder placeholder ',
    true,
    3,
    18.7,
    2,
    4,
    50,
    1,
    109
  );
INSERT INTO covoiturage.covoiturage (
    id,
    datedepart,
    description,
    is_fumer,
    nbr_place_dispo,
    price,
    gouv_arr_id,
    gouv_dep_id,
    user_id,
    ville_arr_id,
    ville_dep_id
  )
VALUES
  (
    168,
    '3919-05-04 04:12:55',
    'placeholder placeholder placeholder placeholder ',
    true,
    3,
    45.5,
    6,
    2,
    30,
    116,
    1
  );
INSERT INTO covoiturage.covoiturage (
    id,
    datedepart,
    description,
    is_fumer,
    nbr_place_dispo,
    price,
    gouv_arr_id,
    gouv_dep_id,
    user_id,
    ville_arr_id,
    ville_dep_id
  )
VALUES
  (
    169,
    '3920-12-18 15:52:51',
    'placeholder placeholder placeholder placeholder ',
    true,
    4,
    29,
    4,
    8,
    94,
    112,
    117
  );
INSERT INTO covoiturage.covoiturage (
    id,
    datedepart,
    description,
    is_fumer,
    nbr_place_dispo,
    price,
    gouv_arr_id,
    gouv_dep_id,
    user_id,
    ville_arr_id,
    ville_dep_id
  )
VALUES
  (
    170,
    '3919-11-24 02:34:04',
    'placeholder placeholder placeholder placeholder ',
    false,
    2,
    47.3,
    8,
    4,
    88,
    7,
    112
  );
INSERT INTO covoiturage.covoiturage (
    id,
    datedepart,
    description,
    is_fumer,
    nbr_place_dispo,
    price,
    gouv_arr_id,
    gouv_dep_id,
    user_id,
    ville_arr_id,
    ville_dep_id
  )
VALUES
  (
    171,
    '3920-03-24 03:33:06',
    'placeholder placeholder placeholder placeholder ',
    false,
    3,
    2.5,
    6,
    8,
    51,
    5,
    119
  );
INSERT INTO covoiturage.covoiturage (
    id,
    datedepart,
    description,
    is_fumer,
    nbr_place_dispo,
    price,
    gouv_arr_id,
    gouv_dep_id,
    user_id,
    ville_arr_id,
    ville_dep_id
  )
VALUES
  (
    172,
    '3920-06-14 14:01:08',
    'placeholder placeholder placeholder placeholder ',
    false,
    4,
    18.6,
    8,
    4,
    24,
    119,
    3
  );
INSERT INTO covoiturage.covoiturage (
    id,
    datedepart,
    description,
    is_fumer,
    nbr_place_dispo,
    price,
    gouv_arr_id,
    gouv_dep_id,
    user_id,
    ville_arr_id,
    ville_dep_id
  )
VALUES
  (
    173,
    '3920-05-09 23:08:30',
    'placeholder placeholder placeholder placeholder ',
    true,
    4,
    39.3,
    6,
    4,
    75,
    5,
    112
  );
INSERT INTO covoiturage.covoiturage (
    id,
    datedepart,
    description,
    is_fumer,
    nbr_place_dispo,
    price,
    gouv_arr_id,
    gouv_dep_id,
    user_id,
    ville_arr_id,
    ville_dep_id
  )
VALUES
  (
    174,
    '3919-11-22 21:50:59',
    'placeholder placeholder placeholder placeholder ',
    false,
    1,
    7.6,
    6,
    8,
    98,
    5,
    117
  );
INSERT INTO covoiturage.covoiturage (
    id,
    datedepart,
    description,
    is_fumer,
    nbr_place_dispo,
    price,
    gouv_arr_id,
    gouv_dep_id,
    user_id,
    ville_arr_id,
    ville_dep_id
  )
VALUES
  (
    175,
    '3919-06-21 23:46:22',
    'placeholder placeholder placeholder placeholder ',
    false,
    3,
    2.7,
    4,
    8,
    32,
    109,
    120
  );
INSERT INTO covoiturage.covoiturage (
    id,
    datedepart,
    description,
    is_fumer,
    nbr_place_dispo,
    price,
    gouv_arr_id,
    gouv_dep_id,
    user_id,
    ville_arr_id,
    ville_dep_id
  )
VALUES
  (
    176,
    '3919-07-01 08:41:50',
    'placeholder placeholder placeholder placeholder ',
    false,
    4,
    33.4,
    2,
    4,
    73,
    1,
    112
  );
INSERT INTO covoiturage.covoiturage (
    id,
    datedepart,
    description,
    is_fumer,
    nbr_place_dispo,
    price,
    gouv_arr_id,
    gouv_dep_id,
    user_id,
    ville_arr_id,
    ville_dep_id
  )
VALUES
  (
    177,
    '3920-10-09 01:51:52',
    'placeholder placeholder placeholder placeholder ',
    true,
    3,
    43.8,
    6,
    2,
    80,
    116,
    1
  );
INSERT INTO covoiturage.covoiturage (
    id,
    datedepart,
    description,
    is_fumer,
    nbr_place_dispo,
    price,
    gouv_arr_id,
    gouv_dep_id,
    user_id,
    ville_arr_id,
    ville_dep_id
  )
VALUES
  (
    178,
    '3920-02-22 20:52:01',
    'placeholder placeholder placeholder placeholder ',
    true,
    1,
    36.7,
    6,
    8,
    16,
    5,
    7
  );
INSERT INTO covoiturage.covoiturage (
    id,
    datedepart,
    description,
    is_fumer,
    nbr_place_dispo,
    price,
    gouv_arr_id,
    gouv_dep_id,
    user_id,
    ville_arr_id,
    ville_dep_id
  )
VALUES
  (
    179,
    '3919-04-27 00:05:23',
    'placeholder placeholder placeholder placeholder ',
    false,
    2,
    31.5,
    6,
    4,
    40,
    5,
    109
  );
INSERT INTO covoiturage.covoiturage (
    id,
    datedepart,
    description,
    is_fumer,
    nbr_place_dispo,
    price,
    gouv_arr_id,
    gouv_dep_id,
    user_id,
    ville_arr_id,
    ville_dep_id
  )
VALUES
  (
    180,
    '3919-08-16 15:51:02',
    'placeholder placeholder placeholder placeholder ',
    true,
    4,
    19,
    4,
    8,
    86,
    109,
    117
  );
INSERT INTO covoiturage.covoiturage (
    id,
    datedepart,
    description,
    is_fumer,
    nbr_place_dispo,
    price,
    gouv_arr_id,
    gouv_dep_id,
    user_id,
    ville_arr_id,
    ville_dep_id
  )
VALUES
  (
    181,
    '3920-09-10 04:43:14',
    'placeholder placeholder placeholder placeholder ',
    false,
    3,
    23.5,
    4,
    6,
    81,
    110,
    116
  );
INSERT INTO covoiturage.covoiturage (
    id,
    datedepart,
    description,
    is_fumer,
    nbr_place_dispo,
    price,
    gouv_arr_id,
    gouv_dep_id,
    user_id,
    ville_arr_id,
    ville_dep_id
  )
VALUES
  (
    182,
    '3920-06-28 21:07:23',
    'placeholder placeholder placeholder placeholder ',
    true,
    3,
    25.3,
    8,
    8,
    90,
    7,
    119
  );
INSERT INTO covoiturage.covoiturage (
    id,
    datedepart,
    description,
    is_fumer,
    nbr_place_dispo,
    price,
    gouv_arr_id,
    gouv_dep_id,
    user_id,
    ville_arr_id,
    ville_dep_id
  )
VALUES
  (
    183,
    '3919-02-03 04:04:49',
    'placeholder placeholder placeholder placeholder ',
    true,
    1,
    40.2,
    8,
    6,
    102,
    120,
    115
  );
INSERT INTO covoiturage.covoiturage (
    id,
    datedepart,
    description,
    is_fumer,
    nbr_place_dispo,
    price,
    gouv_arr_id,
    gouv_dep_id,
    user_id,
    ville_arr_id,
    ville_dep_id
  )
VALUES
  (
    184,
    '3920-09-01 19:42:46',
    'placeholder placeholder placeholder placeholder ',
    false,
    4,
    38.1,
    8,
    8,
    34,
    117,
    7
  );
INSERT INTO covoiturage.covoiturage (
    id,
    datedepart,
    description,
    is_fumer,
    nbr_place_dispo,
    price,
    gouv_arr_id,
    gouv_dep_id,
    user_id,
    ville_arr_id,
    ville_dep_id
  )
VALUES
  (
    185,
    '3919-06-06 08:20:31',
    'placeholder placeholder placeholder placeholder ',
    false,
    2,
    30.3,
    8,
    4,
    58,
    118,
    3
  );
INSERT INTO covoiturage.covoiturage (
    id,
    datedepart,
    description,
    is_fumer,
    nbr_place_dispo,
    price,
    gouv_arr_id,
    gouv_dep_id,
    user_id,
    ville_arr_id,
    ville_dep_id
  )
VALUES
  (
    186,
    '3920-10-28 05:18:39',
    'placeholder placeholder placeholder placeholder ',
    true,
    1,
    21,
    4,
    2,
    16,
    111,
    1
  );
INSERT INTO covoiturage.covoiturage (
    id,
    datedepart,
    description,
    is_fumer,
    nbr_place_dispo,
    price,
    gouv_arr_id,
    gouv_dep_id,
    user_id,
    ville_arr_id,
    ville_dep_id
  )
VALUES
  (
    187,
    '3920-01-22 03:53:29',
    'placeholder placeholder placeholder placeholder ',
    true,
    2,
    37.4,
    2,
    4,
    84,
    1,
    112
  );
INSERT INTO covoiturage.covoiturage (
    id,
    datedepart,
    description,
    is_fumer,
    nbr_place_dispo,
    price,
    gouv_arr_id,
    gouv_dep_id,
    user_id,
    ville_arr_id,
    ville_dep_id
  )
VALUES
  (
    188,
    '3920-12-29 21:48:06',
    'placeholder placeholder placeholder placeholder ',
    false,
    3,
    4.9,
    6,
    6,
    51,
    5,
    113
  );
INSERT INTO covoiturage.covoiturage (
    id,
    datedepart,
    description,
    is_fumer,
    nbr_place_dispo,
    price,
    gouv_arr_id,
    gouv_dep_id,
    user_id,
    ville_arr_id,
    ville_dep_id
  )
VALUES
  (
    189,
    '3920-11-08 11:34:16',
    'placeholder placeholder placeholder placeholder ',
    false,
    2,
    14.8,
    6,
    4,
    52,
    5,
    110
  );
INSERT INTO covoiturage.covoiturage (
    id,
    datedepart,
    description,
    is_fumer,
    nbr_place_dispo,
    price,
    gouv_arr_id,
    gouv_dep_id,
    user_id,
    ville_arr_id,
    ville_dep_id
  )
VALUES
  (
    190,
    '3919-11-28 11:46:19',
    'placeholder placeholder placeholder placeholder ',
    false,
    4,
    17.7,
    2,
    4,
    19,
    1,
    109
  );
INSERT INTO covoiturage.covoiturage (
    id,
    datedepart,
    description,
    is_fumer,
    nbr_place_dispo,
    price,
    gouv_arr_id,
    gouv_dep_id,
    user_id,
    ville_arr_id,
    ville_dep_id
  )
VALUES
  (
    191,
    '3920-01-12 00:23:23',
    'placeholder placeholder placeholder placeholder ',
    false,
    1,
    22.8,
    8,
    8,
    61,
    118,
    120
  );
INSERT INTO covoiturage.covoiturage (
    id,
    datedepart,
    description,
    is_fumer,
    nbr_place_dispo,
    price,
    gouv_arr_id,
    gouv_dep_id,
    user_id,
    ville_arr_id,
    ville_dep_id
  )
VALUES
  (
    192,
    '3919-06-10 18:15:12',
    'placeholder placeholder placeholder placeholder ',
    true,
    3,
    2.1,
    2,
    4,
    102,
    1,
    109
  );
INSERT INTO covoiturage.covoiturage (
    id,
    datedepart,
    description,
    is_fumer,
    nbr_place_dispo,
    price,
    gouv_arr_id,
    gouv_dep_id,
    user_id,
    ville_arr_id,
    ville_dep_id
  )
VALUES
  (
    193,
    '3919-03-22 05:32:44',
    'placeholder placeholder placeholder placeholder ',
    false,
    3,
    40.1,
    6,
    6,
    43,
    113,
    116
  );
INSERT INTO covoiturage.covoiturage (
    id,
    datedepart,
    description,
    is_fumer,
    nbr_place_dispo,
    price,
    gouv_arr_id,
    gouv_dep_id,
    user_id,
    ville_arr_id,
    ville_dep_id
  )
VALUES
  (
    194,
    '3919-02-18 23:08:08',
    'placeholder placeholder placeholder placeholder ',
    true,
    4,
    4.4,
    8,
    4,
    69,
    120,
    109
  );
INSERT INTO covoiturage.covoiturage (
    id,
    datedepart,
    description,
    is_fumer,
    nbr_place_dispo,
    price,
    gouv_arr_id,
    gouv_dep_id,
    user_id,
    ville_arr_id,
    ville_dep_id
  )
VALUES
  (
    195,
    '3919-04-16 01:07:26',
    'placeholder placeholder placeholder placeholder ',
    false,
    4,
    5.2,
    8,
    4,
    62,
    119,
    109
  );
INSERT INTO covoiturage.covoiturage (
    id,
    datedepart,
    description,
    is_fumer,
    nbr_place_dispo,
    price,
    gouv_arr_id,
    gouv_dep_id,
    user_id,
    ville_arr_id,
    ville_dep_id
  )
VALUES
  (
    196,
    '3920-03-23 09:47:13',
    'placeholder placeholder placeholder placeholder ',
    false,
    4,
    18.5,
    4,
    8,
    67,
    110,
    120
  );
INSERT INTO covoiturage.covoiturage (
    id,
    datedepart,
    description,
    is_fumer,
    nbr_place_dispo,
    price,
    gouv_arr_id,
    gouv_dep_id,
    user_id,
    ville_arr_id,
    ville_dep_id
  )
VALUES
  (
    197,
    '3920-12-01 22:58:10',
    'placeholder placeholder placeholder placeholder ',
    false,
    3,
    39.7,
    8,
    4,
    100,
    7,
    109
  );
INSERT INTO covoiturage.covoiturage (
    id,
    datedepart,
    description,
    is_fumer,
    nbr_place_dispo,
    price,
    gouv_arr_id,
    gouv_dep_id,
    user_id,
    ville_arr_id,
    ville_dep_id
  )
VALUES
  (
    198,
    '3920-12-01 13:55:14',
    'placeholder placeholder placeholder placeholder ',
    true,
    3,
    1.3,
    2,
    6,
    83,
    1,
    113
  );
INSERT INTO covoiturage.covoiturage (
    id,
    datedepart,
    description,
    is_fumer,
    nbr_place_dispo,
    price,
    gouv_arr_id,
    gouv_dep_id,
    user_id,
    ville_arr_id,
    ville_dep_id
  )
VALUES
  (
    199,
    '3919-04-05 17:37:51',
    'placeholder placeholder placeholder placeholder ',
    true,
    4,
    37.6,
    4,
    6,
    49,
    3,
    116
  );
INSERT INTO covoiturage.covoiturage (
    id,
    datedepart,
    description,
    is_fumer,
    nbr_place_dispo,
    price,
    gouv_arr_id,
    gouv_dep_id,
    user_id,
    ville_arr_id,
    ville_dep_id
  )
VALUES
  (
    200,
    '3919-11-04 05:24:46',
    'placeholder placeholder placeholder placeholder ',
    true,
    4,
    26.7,
    8,
    4,
    22,
    118,
    112
  );
INSERT INTO covoiturage.covoiturage (
    id,
    datedepart,
    description,
    is_fumer,
    nbr_place_dispo,
    price,
    gouv_arr_id,
    gouv_dep_id,
    user_id,
    ville_arr_id,
    ville_dep_id
  )
VALUES
  (
    201,
    '3920-07-20 20:21:28',
    'placeholder placeholder placeholder placeholder ',
    true,
    2,
    15.4,
    2,
    4,
    33,
    1,
    111
  );
INSERT INTO covoiturage.covoiturage (
    id,
    datedepart,
    description,
    is_fumer,
    nbr_place_dispo,
    price,
    gouv_arr_id,
    gouv_dep_id,
    user_id,
    ville_arr_id,
    ville_dep_id
  )
VALUES
  (
    202,
    '3920-07-26 11:37:18',
    'placeholder placeholder placeholder placeholder ',
    false,
    4,
    41.7,
    4,
    6,
    18,
    109,
    115
  );
INSERT INTO covoiturage.covoiturage (
    id,
    datedepart,
    description,
    is_fumer,
    nbr_place_dispo,
    price,
    gouv_arr_id,
    gouv_dep_id,
    user_id,
    ville_arr_id,
    ville_dep_id
  )
VALUES
  (
    203,
    '3919-05-24 23:39:18',
    'placeholder placeholder placeholder placeholder ',
    true,
    3,
    45.5,
    4,
    8,
    98,
    3,
    117
  );
INSERT INTO covoiturage.covoiturage (
    id,
    datedepart,
    description,
    is_fumer,
    nbr_place_dispo,
    price,
    gouv_arr_id,
    gouv_dep_id,
    user_id,
    ville_arr_id,
    ville_dep_id
  )
VALUES
  (
    204,
    '3920-08-23 04:28:49',
    'placeholder placeholder placeholder placeholder ',
    false,
    3,
    46.8,
    6,
    6,
    65,
    114,
    113
  );
INSERT INTO covoiturage.covoiturage (
    id,
    datedepart,
    description,
    is_fumer,
    nbr_place_dispo,
    price,
    gouv_arr_id,
    gouv_dep_id,
    user_id,
    ville_arr_id,
    ville_dep_id
  )
VALUES
  (
    205,
    '3919-02-23 12:26:03',
    'placeholder placeholder placeholder placeholder ',
    false,
    2,
    36.8,
    8,
    6,
    20,
    120,
    113
  );
INSERT INTO covoiturage.covoiturage (
    id,
    datedepart,
    description,
    is_fumer,
    nbr_place_dispo,
    price,
    gouv_arr_id,
    gouv_dep_id,
    user_id,
    ville_arr_id,
    ville_dep_id
  )
VALUES
  (
    206,
    '3920-12-14 10:54:54',
    'placeholder placeholder placeholder placeholder ',
    true,
    1,
    6.2,
    2,
    8,
    40,
    1,
    119
  );
INSERT INTO covoiturage.covoiturage (
    id,
    datedepart,
    description,
    is_fumer,
    nbr_place_dispo,
    price,
    gouv_arr_id,
    gouv_dep_id,
    user_id,
    ville_arr_id,
    ville_dep_id
  )
VALUES
  (
    207,
    '3919-02-05 18:32:49',
    'placeholder placeholder placeholder placeholder ',
    false,
    3,
    23.4,
    4,
    8,
    61,
    110,
    7
  );
INSERT INTO covoiturage.covoiturage (
    id,
    datedepart,
    description,
    is_fumer,
    nbr_place_dispo,
    price,
    gouv_arr_id,
    gouv_dep_id,
    user_id,
    ville_arr_id,
    ville_dep_id
  )
VALUES
  (
    208,
    '3920-12-19 08:01:23',
    'placeholder placeholder placeholder placeholder ',
    false,
    2,
    3.1,
    4,
    6,
    19,
    110,
    116
  );
INSERT INTO covoiturage.covoiturage (
    id,
    datedepart,
    description,
    is_fumer,
    nbr_place_dispo,
    price,
    gouv_arr_id,
    gouv_dep_id,
    user_id,
    ville_arr_id,
    ville_dep_id
  )
VALUES
  (
    209,
    '3921-01-04 15:39:23',
    'placeholder placeholder placeholder placeholder ',
    true,
    4,
    26.3,
    8,
    4,
    27,
    120,
    112
  );
INSERT INTO covoiturage.covoiturage (
    id,
    datedepart,
    description,
    is_fumer,
    nbr_place_dispo,
    price,
    gouv_arr_id,
    gouv_dep_id,
    user_id,
    ville_arr_id,
    ville_dep_id
  )
VALUES
  (
    210,
    '3919-12-12 13:37:21',
    'placeholder placeholder placeholder placeholder ',
    false,
    2,
    24.1,
    8,
    6,
    104,
    7,
    114
  );
INSERT INTO covoiturage.covoiturage (
    id,
    datedepart,
    description,
    is_fumer,
    nbr_place_dispo,
    price,
    gouv_arr_id,
    gouv_dep_id,
    user_id,
    ville_arr_id,
    ville_dep_id
  )
VALUES
  (
    211,
    '3919-04-10 00:35:08',
    'placeholder placeholder placeholder placeholder ',
    true,
    4,
    22.1,
    4,
    6,
    12,
    110,
    114
  );
INSERT INTO covoiturage.covoiturage (
    id,
    datedepart,
    description,
    is_fumer,
    nbr_place_dispo,
    price,
    gouv_arr_id,
    gouv_dep_id,
    user_id,
    ville_arr_id,
    ville_dep_id
  )
VALUES
  (
    212,
    '3919-12-21 09:19:46',
    'placeholder placeholder placeholder placeholder ',
    true,
    2,
    40.7,
    4,
    6,
    78,
    109,
    5
  );
INSERT INTO covoiturage.covoiturage (
    id,
    datedepart,
    description,
    is_fumer,
    nbr_place_dispo,
    price,
    gouv_arr_id,
    gouv_dep_id,
    user_id,
    ville_arr_id,
    ville_dep_id
  )
VALUES
  (
    213,
    '3919-02-28 00:29:00',
    'placeholder placeholder placeholder placeholder ',
    true,
    1,
    10.1,
    4,
    8,
    95,
    111,
    119
  );
INSERT INTO covoiturage.covoiturage (
    id,
    datedepart,
    description,
    is_fumer,
    nbr_place_dispo,
    price,
    gouv_arr_id,
    gouv_dep_id,
    user_id,
    ville_arr_id,
    ville_dep_id
  )
VALUES
  (
    214,
    '3919-09-30 03:20:16',
    'placeholder placeholder placeholder placeholder ',
    true,
    2,
    20,
    6,
    8,
    80,
    113,
    118
  );
INSERT INTO covoiturage.covoiturage (
    id,
    datedepart,
    description,
    is_fumer,
    nbr_place_dispo,
    price,
    gouv_arr_id,
    gouv_dep_id,
    user_id,
    ville_arr_id,
    ville_dep_id
  )
VALUES
  (
    215,
    '3919-06-22 12:01:22',
    'placeholder placeholder placeholder placeholder ',
    false,
    3,
    37.4,
    6,
    2,
    29,
    115,
    1
  );
INSERT INTO covoiturage.covoiturage (
    id,
    datedepart,
    description,
    is_fumer,
    nbr_place_dispo,
    price,
    gouv_arr_id,
    gouv_dep_id,
    user_id,
    ville_arr_id,
    ville_dep_id
  )
VALUES
  (
    216,
    '3919-08-21 09:21:53',
    'placeholder placeholder placeholder placeholder ',
    true,
    2,
    49.9,
    6,
    6,
    80,
    115,
    5
  );
INSERT INTO covoiturage.covoiturage (
    id,
    datedepart,
    description,
    is_fumer,
    nbr_place_dispo,
    price,
    gouv_arr_id,
    gouv_dep_id,
    user_id,
    ville_arr_id,
    ville_dep_id
  )
VALUES
  (
    217,
    '3919-12-02 08:56:50',
    'placeholder placeholder placeholder placeholder ',
    true,
    1,
    46.2,
    8,
    6,
    99,
    119,
    5
  );
INSERT INTO covoiturage.covoiturage (
    id,
    datedepart,
    description,
    is_fumer,
    nbr_place_dispo,
    price,
    gouv_arr_id,
    gouv_dep_id,
    user_id,
    ville_arr_id,
    ville_dep_id
  )
VALUES
  (
    218,
    '3919-10-05 02:39:38',
    'placeholder placeholder placeholder placeholder ',
    true,
    3,
    22.2,
    8,
    8,
    27,
    117,
    7
  );
INSERT INTO covoiturage.covoiturage (
    id,
    datedepart,
    description,
    is_fumer,
    nbr_place_dispo,
    price,
    gouv_arr_id,
    gouv_dep_id,
    user_id,
    ville_arr_id,
    ville_dep_id
  )
VALUES
  (
    219,
    '3920-05-13 07:08:37',
    'placeholder placeholder placeholder placeholder ',
    false,
    4,
    48.3,
    2,
    4,
    83,
    1,
    111
  );
INSERT INTO covoiturage.covoiturage (
    id,
    datedepart,
    description,
    is_fumer,
    nbr_place_dispo,
    price,
    gouv_arr_id,
    gouv_dep_id,
    user_id,
    ville_arr_id,
    ville_dep_id
  )
VALUES
  (
    220,
    '3919-06-17 18:15:36',
    'placeholder placeholder placeholder placeholder ',
    false,
    1,
    25.4,
    4,
    4,
    88,
    111,
    110
  );
INSERT INTO covoiturage.covoiturage (
    id,
    datedepart,
    description,
    is_fumer,
    nbr_place_dispo,
    price,
    gouv_arr_id,
    gouv_dep_id,
    user_id,
    ville_arr_id,
    ville_dep_id
  )
VALUES
  (
    221,
    '3919-03-02 05:00:55',
    'placeholder placeholder placeholder placeholder ',
    false,
    3,
    17.1,
    8,
    8,
    12,
    118,
    117
  );
INSERT INTO covoiturage.covoiturage (
    id,
    datedepart,
    description,
    is_fumer,
    nbr_place_dispo,
    price,
    gouv_arr_id,
    gouv_dep_id,
    user_id,
    ville_arr_id,
    ville_dep_id
  )
VALUES
  (
    222,
    '3919-05-03 14:57:22',
    'placeholder placeholder placeholder placeholder ',
    true,
    2,
    13.5,
    2,
    4,
    36,
    1,
    3
  );
INSERT INTO covoiturage.covoiturage (
    id,
    datedepart,
    description,
    is_fumer,
    nbr_place_dispo,
    price,
    gouv_arr_id,
    gouv_dep_id,
    user_id,
    ville_arr_id,
    ville_dep_id
  )
VALUES
  (
    223,
    '3919-09-28 05:38:24',
    'placeholder placeholder placeholder placeholder ',
    false,
    4,
    40.6,
    4,
    4,
    102,
    3,
    110
  );
